state,year,state_id,new_fdi,reinv_profits,intercom_acc,total_fdi,crime_rate,unemployment,employment,business_activity,real_wage,real_ave_month_income,pop_density,good_governance,ratio_public_investment,lq_primary,lq_secondary,lq_tertiary,exchange_rate,patents_rate,inpc,border_distance,college_education,new_fdi_real_mxn,log_new_fdi_real_mxn,region_a,region_b,trump_election,exports
Aguascalientes,2006,1057,37.99,45.12,57.48,140.59,2.32,0.05,0.96,-2.29,301.02,6041.94,199.63,0.16,0.01,0.17,1.14,1.02,10.85,0.45,62.69,625.59,0.33,657.392,2.818,Bajio,2,0,
Aguascalientes,2007,1057,320.84,42.62,47.12,410.57,3.86,0.06,0.96,-2.26,302.23,5812.44,203.13,0.11,0.02,0.17,1.16,1.02,10.85,0.26,65.05,625.59,0.348,5350.673,3.728,Bajio,2,0,4389841
Aguascalientes,2008,1057,39.34,330.02,-31.87,337.49,5.08,0.06,0.94,-2.27,293.79,6096.76,206.99,0.1,0.02,0.18,1.13,1.03,13.42,0.86,69.3,625.59,0.354,761.927,2.882,Bajio,2,0,4456893
Aguascalientes,2009,1057,470.53,24.51,-152.84,342.21,5.66,0.07,0.94,-2.27,297,5855.42,210.8,0.07,0.02,0.14,1.16,1.02,12.86,0.34,71.77,625.59,0.364,8433.011,3.926,Bajio,2,0,3951108
Aguascalientes,2010,1057,67.03,102.4,163.73,333.15,6.23,0.06,0.93,-2.22,295.75,5462.77,214.28,0.12,0.01,0.13,1.16,1.02,12.39,0.58,74.93,625.59,0.377,1108.146,3.045,Bajio,2,0,5647929
Aguascalientes,2011,1057,3.66,235.26,-2.11,236.81,8.59,0.05,0.94,-2.16,299.96,5692.78,217.63,0.11,0.01,0.22,1.11,1.03,13.77,0.33,77.79,625.59,0.395,64.702,1.811,Bajio,2,0,6051640
Aguascalientes,2012,1057,88.19,242.35,24.67,355.21,3.89,0.04,0.95,-2.13,300.58,5425.18,219.84,0.06,0.02,0.22,1.05,1.04,12.87,0.73,80.57,625.59,0.411,1408.837,3.149,Bajio,2,0,6183782
Aguascalientes,2013,1057,126.99,393.78,-451.63,69.14,3.9,0.05,0.94,-2.09,299.48,5044.5,223.59,0.09,0.01,0.25,1.18,1.01,13.01,2.22,83.77,625.59,0.414,1971.792,3.295,Bajio,2,0,6726207
Aguascalientes,2014,1057,23.42,624.88,330.5,978.8,3.6,0.05,0.96,-1.98,300.19,5202.72,227.36,0.07,0.02,0.22,1.19,1,14.51,5.8,87.19,625.59,0.433,389.771,2.591,Bajio,2,0,8466007
Aguascalientes,2015,1057,220.05,488.5,104.04,812.58,3.62,0.04,0.97,-1.93,308.32,5447.57,231.15,0.12,0.01,0.09,1.21,1.01,17.07,4.08,89.05,625.59,0.426,4217.373,3.625,Bajio,2,0,8495445
Aguascalientes,2016,1057,310.89,289.3,-5.31,594.88,3.71,0.04,0.96,-1.88,313.67,5222.96,235.01,0.43,0,0.4,1.19,0.99,20.52,7.27,92.04,625.59,0.443,6931.522,3.841,Bajio,2,0,7870962
Aguascalientes,2017,1057,360.95,544.43,670.96,1576.34,5.96,0.02,0.96,-1.91,314.07,4932.8,238.95,1.98,0,0.32,1.28,0.98,19.18,3.58,98.27,625.59,0.451,7045.071,3.848,Bajio,2,1,7830019
Aguascalientes,2018,1057,504.86,371.9,320.22,1196.98,5.59,0.03,0.97,-1.82,321.59,5022.05,245.37,0.28,0.01,0.21,1.25,0.98,20.11,2.83,103.02,625.59,0.455,9855.766,3.994,Bajio,2,1,9650719
Aguascalientes,2019,1057,59.36,360.01,32.75,452.12,6.77,0.03,0.97,-1.83,336.72,5414.82,252.65,0.28,0,0.25,1.22,0.99,19.11,2.61,105.93,625.59,0.466,1070.736,3.03,Bajio,2,1,11794073
Aguascalientes,2020,1057,36.97,309.88,396.8,743.66,5.85,0.05,0.95,-1.83,359.28,6153.44,255.82,0.55,0,0.34,1.27,0.98,19.97,1.6,109.27,625.59,0.503,675.546,2.83,Bajio,2,1,11440924
Aguascalientes,2021,1057,72.79,-55.23,24.61,42.17,6.75,0.04,0.97,-1.9,361.02,5641.67,261.21,0.16,0.01,0.16,1.24,1,20.47,,117.31,625.59,0.524,1270.027,3.104,Bajio,2,0,11527218
Baja California,2006,2304,281.87,106.39,952.43,1340.69,15.49,0.03,0.98,2.31,332.61,8936.33,42.01,0.23,0,0.75,1.36,0.87,10.85,0.1,62.69,8.83,0.331,4877.296,3.688,Norte,3,0,
Baja California,2007,2304,643.7,150.37,996.75,1790.83,12.04,0.03,0.98,2.29,340.93,8274.99,42.91,0.3,0,0.6,1.52,0.84,10.85,0.07,65.05,8.83,0.316,10735.226,4.031,Norte,3,0,31858677
Baja California,2008,2304,824.17,172.63,457.34,1454.14,32.94,0.06,0.96,2.21,336.03,7767.2,43.81,0.43,0,0.84,1.39,0.85,13.42,0.1,69.3,8.83,0.319,15964.162,4.203,Norte,3,0,32988913
Baja California,2009,2304,552.95,98.43,178.14,829.52,47.96,0.07,0.95,2.14,338.22,6820.71,44.65,0.48,0,0.95,1.29,0.9,12.86,0.34,71.77,8.83,0.307,9910.096,3.996,Norte,3,0,26741828
Baja California,2010,2304,530.53,219.33,664.96,1414.82,47.02,0.05,0.95,2.19,332.76,7044.13,45.39,0.31,0,0.96,1.26,0.9,12.39,0.59,74.93,8.83,0.383,8771.426,3.943,Norte,3,0,28882194
Baja California,2011,2304,154.12,184.56,427.64,766.32,24.94,0.05,0.93,2.21,328.01,6708.64,46.12,0.52,0,0.65,1.27,0.92,13.77,0.55,77.79,8.83,0.37,2727.93,3.436,Norte,3,0,30151512
Baja California,2012,2304,227.69,270.09,520.73,1018.52,17.63,0.06,0.94,2.23,325.42,6598.14,46.59,0.33,0,0.71,1.29,0.9,12.87,0.66,80.57,8.83,0.394,3637.334,3.561,Norte,3,0,31663051
Baja California,2013,2304,403.54,346.66,540.63,1290.83,22.65,0.04,0.95,2.24,322.8,6415.12,47.64,0.46,0,0.42,1.53,0.89,13.01,2.18,83.77,8.83,0.403,6265.995,3.797,Norte,3,0,32229572
Baja California,2014,2304,196.54,358.06,668.74,1223.34,20.52,0.05,0.96,2.32,318.6,6369.59,48.69,1.47,0,0.53,1.68,0.85,14.51,1.19,87.19,8.83,0.408,3271.521,3.515,Norte,3,0,35002851
Baja California,2015,2304,20.22,307.34,839.72,1167.27,23.96,0.03,0.97,2.34,323.41,6133.58,49.76,1.19,0,0.86,1.54,0.87,17.07,1.21,89.05,8.83,0.409,387.483,2.588,Norte,3,0,38441997
Baja California,2016,2304,467.02,424.99,674.91,1566.92,31.68,0.03,0.97,2.4,333.21,6342.59,50.85,0.88,0,0.84,1.51,0.87,20.52,1.65,92.04,8.83,0.406,10412.465,4.018,Norte,3,0,35997279
Baja California,2017,2304,482.76,468.92,726.95,1678.63,58.04,0.02,0.98,2.42,333.98,6329.78,51.97,1,0,0.61,1.42,0.89,19.18,1.91,98.27,8.83,0.439,9422.64,3.974,Norte,3,1,36315716
Baja California,2018,2304,416.34,464.9,749.91,1631.15,76.16,0.02,0.98,2.43,338.1,6345.52,52.47,1.08,0,0.84,1.41,0.89,20.11,1.49,103.02,8.83,0.453,8127.679,3.91,Norte,3,1,39896454
Baja California,2019,2304,373.02,570.23,240.47,1183.73,73.34,0.02,0.98,2.43,372.05,6798.14,52.71,2.76,0,0.52,1.58,0.87,19.11,1.22,105.93,8.83,0.465,6728.1,3.828,Norte,3,1,42396951
Baja California,2020,2304,209.5,396.8,589.08,1195.39,77.3,0.02,0.97,2.43,383.74,6864.64,52.98,19.76,0,0.53,1.6,0.86,19.97,1.29,109.27,8.83,0.524,3827.882,3.583,Norte,3,1,40687133
Baja California,2021,2304,1169.68,445.11,607.94,2222.73,84.67,0.01,0.98,2.47,388.22,7599.62,53.19,1.35,0,0.47,1.62,0.86,20.47,,117.31,8.83,0.524,20407.806,4.31,Norte,3,0,48017674
Baja California Sur,2006,2327,300.87,18.45,272.25,591.57,4.54,0.02,0.98,-2.43,312.64,8644.58,7.74,0.35,0.01,1.41,0.47,1.11,10.85,0.17,62.69,800.32,0.351,5206.098,3.717,Occidente,4,0,
Baja California Sur,2007,2327,560.48,21.2,237.61,819.29,5.91,0.03,0.98,-2.38,319.83,9205.71,8.01,1.44,0,0.88,0.46,1.14,10.85,0.34,65.05,800.32,0.384,9347.211,3.971,Occidente,4,0,148998
Baja California Sur,2008,2327,430.82,28.93,350.75,810.5,6.2,0.04,0.97,-2.4,316.06,8059.28,8.3,0.3,0.01,1.18,0.58,1.09,13.42,0.98,69.3,800.32,0.392,8345.077,3.921,Occidente,4,0,183756
Baja California Sur,2009,2327,347.19,17.99,84.35,449.53,5.35,0.05,0.97,-2.4,314.54,8989.37,8.6,0.64,0.01,0.7,0.55,1.11,12.86,0.16,71.77,800.32,0.407,6222.416,3.794,Occidente,4,0,165275
Baja California Sur,2010,2327,262.2,18.39,236.98,517.57,8.35,0.06,0.97,-2.36,311.9,6966.14,8.91,1.67,0,0.84,0.6,1.1,12.39,0.61,74.93,800.32,0.405,4334.941,3.637,Occidente,4,0,190834
Baja California Sur,2011,2327,345.81,32.34,333.13,711.28,7.34,0.07,0.96,-2.31,311.41,7576.72,9.22,0.82,0,0.97,0.57,1.09,13.77,0.29,77.79,800.32,0.441,6120.664,3.787,Occidente,4,0,174854
Baja California Sur,2012,2327,469.32,24.05,227.26,720.63,5.53,0.06,0.94,-2.3,312.64,8118.16,9.05,0.29,0.01,0.86,0.59,1.1,12.87,0,80.57,800.32,0.455,7497.147,3.875,Occidente,4,0,169198
Baja California Sur,2013,2327,968.35,32.21,-579.22,421.34,7.18,0.07,0.97,-2.28,309.59,7757.02,9.23,0.54,0.01,0.8,0.58,1.1,13.01,0.28,83.77,800.32,0.448,15036.246,4.177,Occidente,4,0,177216
Baja California Sur,2014,2327,210.95,20.87,-3.12,228.7,13.37,0.05,0.94,-2.31,311.68,6942.96,9.41,0.94,0.01,1.19,0.36,1.13,14.51,0.67,87.19,800.32,0.442,3511.346,3.545,Occidente,4,0,182855
Baja California Sur,2015,2327,278.38,-11.34,84.97,352.01,25.51,0.05,0.97,-2.24,316.4,6767.67,9.6,1.9,0.01,1.78,0.43,1.08,17.07,0.85,89.05,800.32,0.463,5335.484,3.727,Occidente,4,0,199662
Baja California Sur,2016,2327,173.69,62.15,274.94,510.79,32.89,0.05,0.97,-2.19,317.77,7117.13,9.79,1.1,0.01,0.6,0.65,1.1,20.52,0.55,92.04,800.32,0.489,3872.618,3.588,Occidente,4,0,237515
Baja California Sur,2017,2327,404.01,102.65,62.27,568.94,100.28,0.04,0.97,-2.13,311.4,7829.32,9.98,0.46,0.01,0.49,0.45,1.16,19.18,1.08,98.27,800.32,0.496,7885.649,3.897,Occidente,4,1,249573
Baja California Sur,2018,2327,369.77,66.76,6.53,443.06,23.71,0.04,0.97,-2.07,309,7154.96,10.33,0.68,0.01,0.57,0.4,1.16,20.11,0.92,103.02,800.32,0.523,7218.595,3.858,Occidente,4,1,343315
Baja California Sur,2019,2327,357.46,90.86,16.66,464.97,12.07,0.05,0.98,-2.12,317.83,7855.27,10.65,1.07,0,0.57,0.46,1.14,19.11,1.52,105.93,800.32,0.506,6447.385,3.809,Occidente,4,1,291812
Baja California Sur,2020,2327,420.73,91.64,95.37,607.75,8.61,0.04,0.97,-2.22,340.02,7187.2,11,4.01,0,0.58,0.54,1.13,19.97,0.62,109.27,800.32,0.55,7687.319,3.886,Occidente,4,1,305891
Baja California Sur,2021,2327,1090.28,35.72,-40.97,1085.03,8.52,0.03,0.97,-2.12,345.57,8660.9,11.27,6.3,0,0.73,0.51,1.13,20.47,,117.31,800.32,0.567,19022.548,4.279,Occidente,4,0,393031
Campeche,2006,1086,18.71,15.11,-3.41,30.42,4.19,0.01,0.98,-1.79,348.4,5676.1,13.69,0.02,0,0.48,0.92,1.06,10.85,0.13,62.69,978.33,0.264,323.817,2.51,Sur,5,0,
Campeche,2007,1086,132.06,104.1,-101.63,134.52,6.24,0.03,0.99,-1.85,355.99,5745.12,13.93,0.04,0,0.66,0.94,1.04,10.85,0.25,65.05,978.33,0.278,2202.341,3.343,Sur,5,0,29051551
Campeche,2008,1086,8.53,28.66,112.86,150.05,6.63,0.03,0.97,-1.9,357.03,5295.1,14.18,0.01,0,0.89,0.92,1.03,13.42,0.86,69.3,978.33,0.306,165.241,2.218,Sur,5,0,31837812
Campeche,2009,1086,47.52,15.96,-37.32,26.17,6.99,0.03,0.97,-2.01,371.41,5106.1,14.43,0,0,1.27,1.03,0.98,12.86,0.48,71.77,978.33,0.313,851.677,2.93,Sur,5,0,17593023
Campeche,2010,1086,42.26,16.03,14.91,73.2,5.69,0.03,0.98,-2.02,379.31,5165.86,14.68,0.32,0,0.71,0.92,1.03,12.39,0.59,74.93,978.33,0.336,698.711,2.844,Sur,5,0,23556375
Campeche,2011,1086,69.62,22.05,-66.88,24.8,5.95,0.04,0.98,-2.04,387.65,5610.33,14.92,0.36,0,0.68,0.98,1.03,13.77,0.35,77.79,978.33,0.336,1232.276,3.091,Sur,5,0,31335437
Campeche,2012,1086,-4.51,13.67,200.51,209.67,9.69,0.02,0.97,-2.07,391.86,5010.17,14.54,0.71,0,0.44,1.04,1.02,12.87,0.34,80.57,978.33,0.366,-72.055,-1.858,Sur,5,0,29394573
Campeche,2013,1086,256.58,45.49,-23.66,278.42,8.44,0.04,0.98,-2.07,401.7,5230.59,14.64,0.94,0,0.5,1,1.03,13.01,0.11,83.77,978.33,0.363,3984.134,3.6,Sur,5,0,27136525
Campeche,2014,1086,110.92,34.84,72.81,218.57,9.21,0.03,0.98,-2.06,444.41,5402.45,14.73,0.77,0,0.88,0.94,1.02,14.51,0.44,87.19,978.33,0.371,1846.38,3.266,Sur,5,0,22327077
Campeche,2015,1086,335.14,48.07,159.8,543.01,7.86,0.03,0.97,-2.08,447.32,5422.93,14.83,1,0,0.82,0.84,1.05,17.07,0.35,89.05,978.33,0.404,6423.225,3.808,Sur,5,0,11288367
Campeche,2016,1086,7.97,55.21,78.98,142.17,10.84,0.03,0.96,-2.15,423.57,5421.34,14.92,0.34,0,0.49,0.71,1.09,20.52,1.87,92.04,978.33,0.377,177.654,2.25,Sur,5,0,9515108
Campeche,2017,1086,112.89,42.01,173.45,328.35,8.57,0.03,0.97,-2.25,396.24,4979.81,15.02,0.27,0,0.81,0.8,1.06,19.18,1.74,98.27,978.33,0.398,2203.38,3.343,Sur,5,1,12726092
Campeche,2018,1086,55.62,60.09,7.79,123.49,8.6,0.04,0.96,-2.31,386.57,5100.58,15.37,0.23,0,0.96,0.86,1.04,20.11,2.49,103.02,978.33,0.439,1085.734,3.036,Sur,5,1,18360739
Campeche,2019,1086,82.94,42.68,26.24,151.87,8.61,0.03,0.97,-2.31,395.98,4943.54,15.97,0.26,0,0.73,1.09,1,19.11,1.2,105.93,978.33,0.421,1496.061,3.175,Sur,5,1,16579076
Campeche,2020,1086,122.88,48.58,37.69,209.15,7.06,0.03,0.96,-2.41,414.63,4989.01,16.26,0.14,0,1.36,0.62,1.06,19.97,1.71,109.27,978.33,0.459,2245.112,3.351,Sur,5,1,10241639
Campeche,2021,1086,137.02,100.79,-19.39,218.42,9.22,0.02,0.98,-2.44,414.48,5357.29,16.42,0.24,0,0.73,0.78,1.06,20.47,,117.31,978.33,0.478,2390.637,3.379,Sur,5,0,15567760
Chiapas,2006,1182,23.7,48.34,17.22,89.26,11.59,0.04,0.98,-2.49,258.61,6849.94,63.33,0.5,0.01,1.39,0.8,1.03,10.85,0.13,62.69,1111.82,0.216,410.101,2.613,Sur,5,0,
Chiapas,2007,1182,116.76,54.32,15.8,186.88,2.14,0.04,0.98,-2.51,264.89,6832.87,64.33,0.11,0.01,1.35,0.82,1.03,10.85,0.17,65.05,1111.82,0.227,1947.154,3.289,Sur,5,0,908251
Chiapas,2008,1182,24.12,68.27,-29.19,63.2,5.47,0.04,0.97,-2.48,263.4,6342.73,65.34,0.09,0.01,0.93,0.55,1.11,13.42,0.1,69.3,1111.82,0.281,467.254,2.67,Sur,5,0,894423
Chiapas,2009,1182,76.56,40.26,-24.94,91.88,10.57,0.05,0.98,-2.45,267.88,5882.6,66.34,0.06,0.02,1.63,0.64,1.05,12.86,0.02,71.77,1111.82,0.253,1372.196,3.137,Sur,5,0,855360
Chiapas,2010,1182,47.67,57.91,52.09,157.68,4.03,0.04,0.97,-2.39,276.59,5932.04,67.33,0.45,0.02,1.32,0.74,1.04,12.39,0.12,74.93,1111.82,0.3,788.164,2.897,Sur,5,0,1245155
Chiapas,2011,1182,22.49,76.71,-6.39,92.81,3.91,0.05,0.98,-2.37,281.75,5505.66,68.3,0.56,0.01,2.01,0.74,1,13.77,0.04,77.79,1111.82,0.312,398.111,2.6,Sur,5,0,1665278
Chiapas,2012,1182,51.06,52.88,17.16,121.09,7.87,0.04,0.98,-2.36,287.47,5911.74,67.41,0.77,0.01,2.16,0.62,1.02,12.87,0.2,80.57,1111.82,0.335,815.614,2.911,Sur,5,0,1618570
Chiapas,2013,1182,59.22,83.95,39.24,182.41,9.85,0.05,0.97,-2.35,286.3,5995.69,68.24,0.46,0.01,1.88,0.76,1,13.01,0.25,83.77,1111.82,0.297,919.588,2.964,Sur,5,0,1613292
Chiapas,2014,1182,-72.5,90.69,18.38,36.56,9.08,0.06,0.98,-2.36,290.33,5742.5,69.07,2.25,0.02,1.5,0.88,1.01,14.51,0.33,87.19,1111.82,0.335,-1206.785,-3.082,Sur,5,0,1460627
Chiapas,2015,1182,128.11,92.93,49.04,270.08,10.65,0.05,0.97,-2.37,301.73,6318.59,69.91,0.3,0.01,1.14,0.75,1.05,17.07,0.29,89.05,1111.82,0.32,2455.402,3.39,Sur,5,0,1165750
Chiapas,2016,1182,54.91,69.17,15.71,139.79,10.64,0.04,0.97,-2.36,307.36,6026.75,70.76,0.31,0.01,0.73,0.96,1.02,20.52,0.67,92.04,1111.82,0.328,1224.167,3.088,Sur,5,0,587504
Chiapas,2017,1182,107.59,62.13,47.36,217.09,11.28,0.04,0.97,-2.4,296.38,6064.72,71.62,1.25,0.01,1.13,0.81,1.04,19.18,0.21,98.27,1111.82,0.375,2100.024,3.322,Sur,5,1,606132
Chiapas,2018,1182,-14.91,58.54,26.59,70.22,9.68,0.04,0.96,-2.44,294.59,6149.9,72.98,1.28,0.01,1.3,0.6,1.08,20.11,0.43,103.02,1111.82,0.386,-291.109,-2.464,Sur,5,1,871639
Chiapas,2019,1182,156.24,131.34,-30.93,256.65,11.33,0.05,0.98,-2.41,301.87,6487.38,74.63,0.91,0,1.33,0.64,1.06,19.11,13.16,105.93,1111.82,0.366,2817.986,3.45,Sur,5,1,820170
Chiapas,2020,1182,61.27,105.39,-33.51,133.14,9.6,0.06,0.98,-2.43,316.64,6404.86,76.2,0.78,0,0.85,0.66,1.09,19.97,0.23,109.27,1111.82,0.389,1119.458,3.049,Sur,5,1,736142
Chiapas,2021,1182,10.87,127.82,18.36,157.04,10.01,0.05,0.97,-2.41,312.37,6581.28,77.16,0.73,0,1.56,0.88,0.99,20.47,,117.31,1111.82,0.405,189.584,2.278,Sur,5,0,1018414
Chihuahua,2006,888,429.47,125.83,1393.52,1948.82,19.39,0.04,0.97,-1.53,299.24,5878.32,13.51,0.05,0.02,0.25,1.46,0.88,10.85,0.72,62.69,350.02,0.307,7431.245,3.871,Norte,3,0,
Chihuahua,2007,888,734.18,328.86,1204.12,2267.16,15.25,0.05,0.97,-1.49,304.65,6151.96,13.73,0.08,0.01,0.16,1.44,0.89,10.85,0.65,65.05,350.02,0.288,12244.124,4.088,Norte,3,0,28094744
Chihuahua,2008,888,436.51,228.14,1960.58,2625.23,75.42,0.06,0.93,-1.47,304.45,6075.4,13.96,0.26,0.01,0.22,1.32,0.92,13.42,0.61,69.3,350.02,0.305,8455.251,3.927,Norte,3,0,27704271
Chihuahua,2009,888,482.16,30.57,911.98,1424.71,105.1,0.08,0.89,-1.55,310.14,6041.61,14.15,0.2,0.01,0.33,1.44,0.89,12.86,0.8,71.77,350.02,0.317,8641.305,3.937,Norte,3,0,24772116
Chihuahua,2010,888,764.65,261.62,821.52,1847.78,181.51,0.07,0.95,-1.53,303.32,5634.38,14.3,0.29,0.01,0.68,1.54,0.83,12.39,0.42,74.93,350.02,0.322,12642.091,4.102,Norte,3,0,34633881
Chihuahua,2011,888,204.86,326.91,686.34,1218.11,125.55,0.06,0.92,-1.47,302.57,5324.43,14.44,1.08,0,0.44,1.58,0.85,13.77,0.67,77.79,350.02,0.338,3625.995,3.559,Norte,3,0,38446014
Chihuahua,2012,888,-63.73,417.16,833.46,1186.89,79.81,0.05,0.96,-1.43,301.97,5487.27,14.06,0.7,0,0.28,1.52,0.91,12.87,0.58,80.57,350.02,0.348,-1018.052,-3.008,Norte,3,0,41764861
Chihuahua,2013,888,212.53,855.72,1243.2,2311.45,60.88,0.05,0.95,-1.4,300.78,5904.14,14.18,1.07,0,0.47,1.86,0.83,13.01,1.78,83.77,350.02,0.362,3300.127,3.519,Norte,3,0,43770979
Chihuahua,2014,888,99.22,983.89,853.46,1936.58,49.69,0.05,0.96,-1.36,300.57,5370.04,14.3,0.83,0,0.4,1.91,0.82,14.51,2.17,87.19,350.02,0.356,1651.581,3.218,Norte,3,0,45594451
Chihuahua,2015,888,843.31,356.5,1324.71,2524.52,43.19,0.04,0.97,-1.29,308.67,5723.55,14.42,0.96,0,0.69,1.89,0.82,17.07,2.41,89.05,350.02,0.363,16162.685,4.209,Norte,3,0,40302945
Chihuahua,2016,888,392.97,502.95,1090.15,1986.07,49.88,0.03,0.98,-1.27,318.54,5382.88,14.54,1.98,0,0.46,1.97,0.81,20.52,2.03,92.04,350.02,0.376,8761.419,3.943,Norte,3,0,43342067
Chihuahua,2017,888,320.28,468.58,1036.45,1825.31,59.74,0.04,0.98,-1.26,320.65,5352.61,14.67,4.93,0,0.64,1.99,0.79,19.18,1.71,98.27,350.02,0.407,6251.271,3.796,Norte,3,1,46491551
Chihuahua,2018,888,118.29,568.82,554.83,1241.94,74.71,0.04,0.98,-1.24,326.84,5626.93,14.89,2.99,0,0.94,1.8,0.81,20.11,3.53,103.02,350.02,0.413,2309.181,3.363,Norte,3,1,52864189
Chihuahua,2019,888,226.89,501.9,678.2,1406.99,71.65,0.03,0.98,-1.25,350.86,5480.72,15.04,6.63,0,0.35,1.92,0.83,19.11,3.39,105.93,350.02,0.445,4092.319,3.612,Norte,3,1,57434140
Chihuahua,2020,888,-19.09,276.46,383.7,641.06,91.69,0.06,0.95,-1.27,362.44,5509.78,15.22,7.43,0,0.43,1.99,0.8,19.97,3.13,109.27,350.02,0.493,-348.842,-2.543,Norte,3,1,54965014
Chihuahua,2021,888,410.01,612.58,885.01,1907.59,71.98,0.04,0.97,-1.25,362.93,5708.75,15.3,12.53,0,0.64,1.97,0.8,20.47,,117.31,350.02,0.47,7153.631,3.855,Norte,3,0,58614915
Ciudad de Mexico,2006,1114,1819.21,3215.47,636.45,5671.13,9.12,0.06,0.96,-2.19,441.45,3846.16,6007,5.19,0,0.03,0.7,1.14,10.85,2.02,62.69,738.2,0.368,31478.53,4.498,Centro,1,0,
Ciudad de Mexico,2007,1114,3351.79,2606.53,973.23,6931.54,9.45,0.06,0.95,-2.17,445.69,4027.89,6004.04,1.24,0,0.06,0.75,1.12,10.85,2.44,65.05,738.2,0.395,55898.622,4.747,Centro,1,0,2713215
Ciudad de Mexico,2008,1114,4724.62,3196.02,-196.57,7724.07,10.38,0.05,0.94,-2.14,439.18,4190.01,6000.98,0.62,0,0.1,0.67,1.13,13.42,2.44,69.3,738.2,0.4,91516.263,4.961,Centro,1,0,2870070
Ciudad de Mexico,2009,1114,2557.94,2267.82,428.88,5254.64,10.95,0.06,0.94,-2.18,440.12,4174.75,5993.5,1.19,0,0.01,0.75,1.11,12.86,2.6,71.77,738.2,0.412,45843.952,4.661,Centro,1,0,2378039
Ciudad de Mexico,2010,1114,1997.12,1619.39,448.06,4064.56,12.06,0.06,0.95,-2.16,433.8,4222.97,5981.93,3.88,0,0.02,0.67,1.12,12.39,3.59,74.93,738.2,0.428,33018.786,4.519,Centro,1,0,2759613
Ciudad de Mexico,2011,1114,3286.42,3102.29,1118.88,7507.59,12.33,0.06,0.94,-2.12,437.9,4303.63,5970.7,3.15,0,0.05,0.67,1.12,13.77,3.45,77.79,738.2,0.459,58168.179,4.765,Centro,1,0,3068807
Ciudad de Mexico,2012,1114,-958.11,1941.52,354.04,1337.45,12.13,0.06,0.95,-2.09,441.1,4243.52,5992.14,3.35,0,0.01,0.74,1.11,12.87,4.8,80.57,738.2,0.459,-15305.445,-4.185,Centro,1,0,2937464
Ciudad de Mexico,2013,1114,1661.76,2864.15,1309.42,5835.33,12.3,0.05,0.95,-2.08,437.23,3934.71,6020.91,1.53,0,0.08,0.67,1.12,13.01,10.59,83.77,738.2,0.484,25803.366,4.412,Centro,1,0,2602629
Ciudad de Mexico,2014,1114,1279.21,4320.51,527.05,6126.78,12.05,0.06,0.95,-2.07,435.47,3983.42,6049.3,1.2,0,0.06,0.59,1.13,14.51,10.04,87.19,738.2,0.464,21292.859,4.328,Centro,1,0,2705297
Ciudad de Mexico,2015,1114,2386.18,2752.73,770.24,5909.16,11.88,0.06,0.94,-2.05,442.08,4230.91,6077.71,1.11,0,0.07,0.52,1.14,17.07,9.47,89.05,738.2,0.478,45733.312,4.66,Centro,1,0,2452302
Ciudad de Mexico,2016,1114,3150.24,2210.31,1389.59,6750.14,14.03,0.05,0.96,-2.01,441.88,4008.59,6106.22,0.98,0,0.06,0.6,1.14,20.52,8.81,92.04,738.2,0.503,70236.367,4.847,Centro,1,0,2302852
Ciudad de Mexico,2017,1114,2563.76,1795.16,747.39,5106.31,14.39,0.05,0.96,-2.01,428.36,4033.65,6134.91,1.17,0,0.02,0.58,1.15,19.18,8.5,98.27,738.2,0.527,50040.188,4.699,Centro,1,1,2630544
Ciudad de Mexico,2018,1114,2254.03,2523.46,1059.41,5836.9,15.84,0.05,0.94,-1.99,431.29,4158.66,6154.8,1.22,0,0.01,0.61,1.13,20.11,9.14,103.02,738.2,0.529,44002.291,4.643,Centro,1,1,2632148
Ciudad de Mexico,2019,1114,3978.82,3581.26,1217.8,8777.88,13.93,0.05,0.95,-2,441.81,3785.29,6164.64,0.85,0,0.03,0.61,1.13,19.11,0.16,105.93,738.2,0.517,71765.166,4.856,Centro,1,1,2667127
Ciudad de Mexico,2020,1114,1478.93,4436.22,1078.6,6993.75,14.44,0.06,0.94,-2.05,462.56,4098.44,6184.36,0.94,0,0.06,0.56,1.14,19.97,7.1,109.27,738.2,0.56,27021.842,4.432,Centro,1,1,2123193
Ciudad de Mexico,2021,1114,1971.35,2753.51,779.94,5504.8,11.58,0.06,0.94,-2.08,466.8,4528.42,6195.59,1.16,0,0.03,0.58,1.14,20.47,,117.31,738.2,0.574,34394.948,4.536,Centro,1,0,2535789
Coahuila,2006,933,220.66,140.62,247,608.28,3.94,0.09,0.96,-1.51,302.89,7736.9,17.41,0,0,0.23,1.19,1.01,10.85,0.64,62.69,367.26,0.279,3818.218,3.582,Norte,3,0,
Coahuila,2007,933,246.32,238.34,181.63,666.29,3.99,0.07,0.96,-1.45,305.58,8923.85,17.67,0,0.01,0.27,0.99,1.05,10.85,0.63,65.05,367.26,0.295,4107.965,3.614,Norte,3,0,17469635
Coahuila,2008,933,349.1,134.59,99.4,583.08,6.44,0.09,0.94,-1.51,304.28,6564.8,17.94,0.01,0.01,0.26,1.02,1.04,13.42,0.55,69.3,367.26,0.307,6762.061,3.83,Norte,3,0,21757037
Coahuila,2009,933,293.54,104.76,-17.08,381.21,9.79,0.08,0.94,-1.61,307.09,6975.26,18.2,0.05,0.01,0.28,1.11,1.02,12.86,0.73,71.77,367.26,0.291,5260.81,3.721,Norte,3,0,13904920
Coahuila,2010,933,394.24,84.77,272.19,751.2,16.06,0.07,0.94,-1.48,304.87,6729.78,18.44,0.13,0.03,0.32,1.06,1.03,12.39,1.11,74.93,367.26,0.318,6517.977,3.814,Norte,3,0,21970635
Coahuila,2011,933,189.55,268.03,189.56,647.14,25.36,0.06,0.94,-1.44,306.44,6473.07,18.68,0.5,0.01,0.32,1.37,0.97,13.77,1.48,77.79,367.26,0.303,3355.037,3.526,Norte,3,0,27238516
Coahuila,2012,933,114.55,321.87,102.94,539.37,40.54,0.06,0.96,-1.42,311.22,6541.78,18.65,1,0,0.3,1.26,0.98,12.87,1.81,80.57,367.26,0.338,1829.925,3.262,Norte,3,0,31636120
Coahuila,2013,933,1026.51,478.08,299.99,1804.58,27.9,0.06,0.94,-1.39,317.19,6375.4,18.87,0.87,0,0.11,1.35,0.97,13.01,2.51,83.77,367.26,0.328,15939.32,4.202,Norte,3,0,33015111
Coahuila,2014,933,260.05,646.12,719.28,1625.45,16.42,0.05,0.95,-1.37,321.7,5873.71,19.08,2.5,0,0.3,1.55,0.92,14.51,2.45,87.19,367.26,0.333,4328.68,3.636,Norte,3,0,34838927
Coahuila,2015,933,961.14,401.67,4.41,1367.22,10.73,0.05,0.96,-1.38,330.67,6316.64,19.3,4.02,0,0.4,1.44,0.94,17.07,3.18,89.05,367.26,0.342,18421.099,4.265,Norte,3,0,36251769
Coahuila,2016,933,860.79,222.94,125.85,1209.58,8.75,0.04,0.97,-1.34,335.84,6663.64,19.52,1.95,0,0.34,1.49,0.93,20.52,3.21,92.04,367.26,0.344,19191.77,4.283,Norte,3,0,37699563
Coahuila,2017,933,495.2,576.6,1600.74,2672.54,8.72,0.05,0.97,-1.31,333.34,6631.69,19.74,1.65,0,0.24,1.59,0.91,19.18,3.74,98.27,367.26,0.344,9665.533,3.985,Norte,3,1,38950677
Coahuila,2018,933,1006.65,671.42,1612.13,3290.19,7.2,0.04,0.97,-1.31,341.11,6250.37,20.16,1.29,0,0.34,1.52,0.92,20.11,4.94,103.02,367.26,0.398,19651.398,4.293,Norte,3,1,41034807
Coahuila,2019,933,497.59,990.58,3.94,1492.11,8.93,0.04,0.96,-1.33,358.88,6407.08,20.61,1.66,0,0.3,1.66,0.9,19.11,0.45,105.93,367.26,0.42,8974.926,3.953,Norte,3,1,47659461
Coahuila,2020,933,279.32,594.36,-21.57,852.11,7.27,0.05,0.95,-1.33,368.12,6635.22,20.96,2.03,0,0.38,1.59,0.9,19.97,2.64,109.27,367.26,0.417,5103.494,3.708,Norte,3,1,44969542
Coahuila,2021,933,358.46,346.42,334.2,1039.08,4.92,0.04,0.94,-1.38,365.18,6480.66,21.44,2.13,0,0.17,1.55,0.93,20.47,,117.31,367.26,0.432,6254.187,3.796,Norte,3,0,53541049
Colima,2006,1111,74.66,15.65,16.19,106.5,7.05,0.04,0.97,-2.57,277.38,7893.62,108.33,0.29,0.01,0.9,0.48,1.14,10.85,0.33,62.69,978.13,0.286,1291.951,3.111,Occidente,4,0,
Colima,2007,1111,84.51,21.43,12.76,118.7,6.91,0.02,0.97,-2.57,280.15,7865.44,110.55,0.19,0.01,0.93,0.46,1.13,10.85,0.48,65.05,978.13,0.321,1409.407,3.149,Occidente,4,0,79553
Colima,2008,1111,138.74,30.07,18.73,187.54,8.8,0.02,0.97,-2.52,279.44,7179.4,113.03,1.12,0.01,0.83,0.59,1.1,13.42,0.63,69.3,978.13,0.305,2687.435,3.429,Occidente,4,0,86607
Colima,2009,1111,131.99,14.37,-11.49,134.86,9.38,0.04,0.96,-2.52,284.67,7182.14,115.58,0.34,0.01,0.85,0.61,1.09,12.86,0.15,71.77,978.13,0.327,2365.544,3.374,Occidente,4,0,81344
Colima,2010,1111,57.72,13.77,193.35,264.84,19.73,0.04,0.95,-2.44,282.17,6998.68,118.02,0.09,0.01,0.69,0.59,1.1,12.39,0.3,74.93,978.13,0.336,954.344,2.98,Occidente,4,0,107855
Colima,2011,1111,42.29,38.5,73.82,154.61,24.96,0.04,0.95,-2.44,284.99,7098.47,120.35,0.09,0.01,0.68,0.66,1.08,13.77,0.59,77.79,978.13,0.355,748.595,2.874,Occidente,4,0,142734
Colima,2012,1111,55.48,26.47,-21.5,60.46,39.61,0.05,0.95,-2.41,286.49,7142.21,118.89,0.13,0.01,1.05,0.62,1.07,12.87,1.01,80.57,978.13,0.36,886.343,2.948,Occidente,4,0,221098
Colima,2013,1111,49.86,57.26,60.67,167.79,33.54,0.04,0.95,-2.42,286.77,7375.43,120.27,0.14,0.01,0.6,0.6,1.09,13.01,1.14,83.77,978.13,0.362,774.153,2.889,Occidente,4,0,280984
Colima,2014,1111,58.35,60.75,76.53,195.64,20.16,0.06,0.95,-2.42,286.26,6396.45,121.63,0.38,0,1.02,0.53,1.09,14.51,2.1,87.19,978.13,0.373,971.292,2.987,Occidente,4,0,269703
Colima,2015,1111,47.25,77.33,40.74,165.32,33.08,0.05,0.96,-2.34,292.47,7560.62,123.02,4.72,0,0.72,0.53,1.11,17.07,2.89,89.05,978.13,0.4,905.578,2.957,Occidente,4,0,288409
Colima,2016,1111,91.1,36.93,-152.26,-24.22,87.43,0.04,0.97,-2.35,292.94,6879.02,124.4,0.69,0.01,1.07,0.51,1.09,20.52,3,92.04,978.13,0.393,2031.196,3.308,Occidente,4,0,272612
Colima,2017,1111,61.49,54.48,16.26,132.22,116.95,0.04,0.97,-2.28,286.36,6776.34,125.82,1.85,0,1.09,0.65,1.06,19.18,0.71,98.27,978.13,0.403,1200.124,3.079,Occidente,4,1,133681
Colima,2018,1111,31.46,59.61,-0.37,90.7,94.53,0.04,0.96,-2.29,289.17,6491.13,128.41,2.11,0,1.3,0.62,1.06,20.11,2.08,103.02,978.13,0.455,614.085,2.788,Occidente,4,1,753023
Colima,2019,1111,30.72,26.45,-15.8,41.37,97.19,0.04,0.97,-2.22,303.53,6161.54,129.1,7.57,0,1.32,0.62,1.05,19.11,13.77,105.93,978.13,0.442,554.032,2.744,Occidente,4,1,684838
Colima,2020,1111,22.5,34.08,35.49,92.07,84.43,0.05,0.97,-2.35,318.6,7427.15,131.34,5.35,0,1.1,0.65,1.07,19.97,1.22,109.27,978.13,0.48,411.056,2.614,Occidente,4,1,768806
Colima,2021,1111,3.63,82.45,4.1,90.18,71.97,0.05,0.97,-2.31,324.82,6097.68,136.06,6.4,0,1.19,0.58,1.07,20.47,,117.31,978.13,0.515,63.412,1.802,Occidente,4,0,909934
Durango,2006,1004,-27.52,24.24,14.06,10.77,11.36,0.04,0.97,-2.14,239.27,5558.64,12.91,0.48,0.01,0.68,0.76,1.09,10.85,0.44,62.69,665.94,0.298,-476.214,-2.678,Occidente,4,0,
Durango,2007,1004,251.64,32.32,137.65,421.62,11.03,0.03,0.98,-2.11,244.64,5635.21,13.08,0.32,0.01,0.71,0.9,1.05,10.85,0,65.05,665.94,0.299,4196.743,3.623,Occidente,4,0,878704
Durango,2008,1004,31.11,43.72,413.3,488.13,26.03,0.04,0.96,-2.09,244.6,5651.57,13.27,0.2,0.01,0.57,0.8,1.07,13.42,0.31,69.3,665.94,0.274,602.614,2.78,Occidente,4,0,984903
Durango,2009,1004,108.66,21.31,-2.6,127.37,62.32,0.04,0.95,-2.07,248.22,5334.14,13.44,0.07,0.02,0.69,0.83,1.06,12.86,0.24,71.77,665.94,0.313,1947.346,3.289,Occidente,4,0,829446
Durango,2010,1004,215.86,61.45,136.75,414.06,66.28,0.04,0.96,-2.05,247.91,5222.32,13.6,0.18,0.01,0.28,0.89,1.06,12.39,0.18,74.93,665.94,0.321,3568.914,3.553,Occidente,4,0,1117273
Durango,2011,1004,126.18,91.11,11.32,228.62,63.91,0.05,0.94,-2,250.81,5169.3,13.76,0.23,0.01,0.07,0.96,1.07,13.77,0.18,77.79,665.94,0.309,2233.373,3.349,Occidente,4,0,1402921
Durango,2012,1004,16.79,91.55,160.05,268.39,49.96,0.04,0.94,-1.96,253.81,4429.38,13.6,0.31,0.01,0.22,0.99,1.04,12.87,0.35,80.57,665.94,0.293,268.173,2.428,Occidente,4,0,1608285
Durango,2013,1004,374.51,104.01,3.97,482.49,28.01,0.05,0.95,-1.91,258.01,4625.57,13.75,0.15,0.01,0.37,0.89,1.06,13.01,0.86,83.77,665.94,0.33,5815.356,3.765,Occidente,4,0,1687175
Durango,2014,1004,-53.29,237.37,-28.2,155.88,20.3,0.06,0.95,-1.9,260.78,4496.87,13.9,0.16,0.01,0.7,0.94,1.03,14.51,1.03,87.19,665.94,0.344,-887.073,-2.948,Occidente,4,0,1861965
Durango,2015,1004,88.53,92.71,49.87,231.1,11.94,0.05,0.96,-1.92,265.38,4598.77,14.05,0.15,0.01,1.41,0.86,1.01,17.07,0.63,89.05,665.94,0.33,1696.668,3.23,Occidente,4,0,1752494
Durango,2016,1004,105,89.25,81.69,275.94,12.27,0.04,0.97,-1.9,266.75,4567.22,14.2,0.22,0.01,0.75,0.91,1.03,20.52,1.37,92.04,665.94,0.344,2340.948,3.369,Occidente,4,0,1654783
Durango,2017,1004,93.66,96.8,-59.34,131.11,11.57,0.04,0.96,-1.91,266.25,4861.97,14.36,3.97,0.01,0.63,0.96,1.03,19.18,0.56,98.27,665.94,0.375,1828.098,3.262,Occidente,4,1,1672357
Durango,2018,1004,171.61,135.71,83.73,391.06,8.37,0.05,0.95,-1.88,269.02,4431.76,14.53,0.44,0.01,0.67,1.02,1.01,20.11,1.84,103.02,665.94,0.414,3350.155,3.525,Occidente,4,1,2127000
Durango,2019,1004,72.68,133.88,-28.03,178.53,9.07,0.03,0.97,-1.91,277.88,4981.75,14.75,1.04,0,0.56,0.98,1.03,19.11,0.44,105.93,665.94,0.407,1310.896,3.118,Occidente,4,1,2737229
Durango,2020,1004,439.49,163.15,-106.09,496.54,7.89,0.04,0.95,-1.97,290.86,5548.59,14.99,1.35,0,0.57,0.98,1.03,19.97,0.54,109.27,665.94,0.438,8029.957,3.905,Occidente,4,1,2706063
Durango,2021,1004,-27.72,318.15,171.4,461.84,7.91,0.05,0.97,-1.93,289.78,4969.61,15.07,0.95,0.01,1.05,1.15,0.96,20.47,,117.31,665.94,0.459,-483.575,-2.684,Occidente,4,0,3269115
Guanajuato,2006,1067,152.35,490.45,-46.33,596.47,3.87,0.03,0.96,-2.25,274,5150.86,174.72,0.1,0,1.08,1.28,0.93,10.85,0.26,62.69,647.48,0.221,2636.127,3.421,Bajio,2,0,
Guanajuato,2007,1067,490.78,441.33,159.88,1091.99,4.06,0.04,0.97,-2.23,276.13,5198.61,176.38,0.15,0,0.87,1.4,0.92,10.85,0.37,65.05,647.48,0.225,8184.916,3.913,Bajio,2,0,6425251
Guanajuato,2008,1067,273.32,320.53,157.93,751.78,5.42,0.05,0.94,-2.23,271.85,4654.34,178.49,0.12,0,0.99,1.48,0.9,13.42,0.59,69.3,647.48,0.245,5294.318,3.724,Bajio,2,0,6419924
Guanajuato,2009,1067,440.78,223.4,-155.58,508.6,8.9,0.04,0.94,-2.23,274.1,4842.3,180.52,0.09,0,1.06,1.39,0.92,12.86,0.72,71.77,647.48,0.24,7899.707,3.898,Bajio,2,0,5684013
Guanajuato,2010,1067,202.9,93.39,102.98,399.27,7.99,0.04,0.94,-2.17,271.9,4596.01,182.31,0.18,0,0.73,1.32,0.95,12.39,0.65,74.93,647.48,0.262,3354.596,3.526,Bajio,2,0,8275949
Guanajuato,2011,1067,625.57,636.11,163,1424.69,10.93,0.04,0.95,-2.14,271.44,4784.42,184.12,0.55,0,0.73,1.35,0.95,13.77,0.66,77.79,647.48,0.27,11072.309,4.044,Bajio,2,0,9701099
Guanajuato,2012,1067,768.07,286.13,267,1321.19,12.23,0.04,0.96,-2.06,273.3,4658.81,184.89,1.17,0,0.58,1.36,0.95,12.87,0.76,80.57,647.48,0.281,12269.585,4.089,Bajio,2,0,10148713
Guanajuato,2013,1067,1743.79,452.11,425.48,2621.38,12.23,0.05,0.96,-2.03,272.54,4471.82,187.27,0.59,0,0.89,1.37,0.93,13.01,7.34,83.77,647.48,0.283,27077.058,4.433,Bajio,2,0,12170999
Guanajuato,2014,1067,433.47,598.15,286.26,1317.89,13.82,0.05,0.96,-1.98,274.68,4434.6,189.64,0.36,0,0.73,1.29,0.95,14.51,5.43,87.19,647.48,0.309,7215.241,3.858,Bajio,2,0,17204369
Guanajuato,2015,1067,789.47,598.1,365.24,1752.81,16.49,0.04,0.97,-1.96,281.59,4300.19,192.03,0.22,0.01,0.92,1.27,0.95,17.07,4.08,89.05,647.48,0.299,15130.908,4.18,Bajio,2,0,20787831
Guanajuato,2016,1067,506.77,524.04,301.78,1332.59,20.68,0.04,0.96,-1.89,285.79,4751.26,194.44,0.33,0,0.97,1.24,0.95,20.52,6.15,92.04,647.48,0.332,11298.704,4.053,Bajio,2,0,22099836
Guanajuato,2017,1067,772.84,459.39,445.69,1677.92,37.19,0.02,0.97,-1.87,286.91,4544.3,196.89,0.47,0,1.2,1.33,0.92,19.18,6.82,98.27,647.48,0.349,15084.447,4.179,Bajio,2,1,23360291
Guanajuato,2018,1067,904.83,648.51,916.46,2469.8,56.13,0.04,0.96,-1.87,293.59,4932.38,198.62,0.3,0,0.93,1.59,0.87,20.11,6.25,103.02,647.48,0.332,17663.742,4.247,Bajio,2,1,25504680
Guanajuato,2019,1067,513.86,854.86,-572.69,796.03,62.7,0.04,0.97,-1.9,305.44,5029.82,200.89,0.58,0,0.89,1.47,0.91,19.11,4.96,105.93,647.48,0.346,9268.396,3.967,Bajio,2,1,25065798
Guanajuato,2020,1067,310.41,685.16,-796.12,199.45,81.94,0.07,0.95,-1.89,316.82,5053.2,202.69,0.57,0,0.94,1.41,0.92,19.97,3.3,109.27,647.48,0.378,5671.637,3.754,Bajio,2,1,24098473
Guanajuato,2021,1067,526.03,478,794.04,1798.07,66.89,0.05,0.96,-1.89,315.57,4676.4,203.74,0.72,0,0.89,1.31,0.94,20.47,,117.31,647.48,0.397,9177.855,3.963,Bajio,2,0,27051547
Guerrero,2006,1120,31.13,53.59,79.31,164.03,23.64,0.02,0.99,-2.38,271.48,4896.06,52.42,0.75,0.02,2.4,0.84,0.96,10.85,0.09,62.69,952.3,0.258,538.608,2.731,Sur,5,0,
Guerrero,2007,1120,28.99,86.98,-3.61,112.35,22.73,0.03,0.99,-2.34,277.11,4506.86,52.85,0.06,0.02,3.29,0.79,0.91,10.85,0,65.05,952.3,0.259,483.428,2.684,Sur,5,0,142118
Guerrero,2008,1120,50.7,88.53,435.72,574.95,29.49,0.03,0.98,-2.38,278.01,4554.22,53.37,0.35,0.01,3.71,0.88,0.88,13.42,0,69.3,952.3,0.236,981.995,2.992,Sur,5,0,248331
Guerrero,2009,1120,87.52,53.65,-5.16,136.01,54.01,0.04,0.99,-2.37,283.38,4527.22,53.89,0.37,0,3.46,0.89,0.89,12.86,0.03,71.77,952.3,0.265,1568.493,3.195,Sur,5,0,464864
Guerrero,2010,1120,71.22,81.19,-12.86,139.55,45.34,0.03,0.98,-2.33,282.18,4243.6,54.35,0.25,0.01,4.7,0.79,0.85,12.39,0.09,74.93,952.3,0.251,1177.505,3.071,Sur,5,0,629384
Guerrero,2011,1120,101.94,97.91,41.96,241.8,68.81,0.04,0.98,-2.34,285.48,4232.02,54.77,0.18,0.01,4.2,0.85,0.85,13.77,0.11,77.79,952.3,0.252,1804.284,3.256,Sur,5,0,680046
Guerrero,2012,1120,28,79.82,56.46,164.28,77.14,0.05,0.97,-2.32,289.75,3869.22,53.77,0.13,0.02,4.36,0.83,0.86,12.87,0,80.57,952.3,0.289,447.32,2.651,Sur,5,0,728036
Guerrero,2013,1120,680.23,300.3,107.64,1088.17,66.51,0.04,0.98,-2.3,288.98,4210.1,53.97,0.1,0.02,3.18,0.74,0.94,13.01,0.11,83.77,952.3,0.31,10562.45,4.024,Sur,5,0,613328
Guerrero,2014,1120,288.42,285.35,-94.36,479.41,50.13,0.04,0.98,-2.21,286.25,3826.58,54.17,0.77,0,3.8,0.76,0.92,14.51,0.37,87.19,952.3,0.303,4800.775,3.681,Sur,5,0,493996
Guerrero,2015,1120,66.09,95,3,164.09,70.02,0.04,0.98,-2.28,289.95,3994.78,54.37,0.48,0,2.67,0.89,0.94,17.07,0.35,89.05,952.3,0.314,1266.633,3.103,Sur,5,0,334522
Guerrero,2016,1120,26.98,70.77,82.92,180.67,74.54,0.03,0.98,-2.28,287.44,3970.71,54.57,0.35,0,3.04,0.64,0.98,20.52,0.12,92.04,952.3,0.356,601.513,2.779,Sur,5,0,647788
Guerrero,2017,1120,244.62,120.62,45.17,410.41,74.56,0.02,0.98,-2.27,276.59,4343.47,54.77,0.27,0,3.94,0.76,0.9,19.18,0.14,98.27,952.3,0.325,4774.549,3.679,Sur,5,1,236957
Guerrero,2018,1120,518.76,89,-205.6,402.17,61.71,0.01,0.99,-2.26,278.73,3937.69,55.14,0.46,0.01,3.9,0.72,0.93,20.11,0.2,103.02,952.3,0.342,10127.081,4.005,Sur,5,1,706829
Guerrero,2019,1120,65.54,200.74,9.26,275.54,53.94,0.02,0.99,-2.27,289.97,3709.67,55.6,0.36,0,2.46,0.86,0.96,19.11,6.9,105.93,952.3,0.343,1182.117,3.073,Sur,5,1,966475
Guerrero,2020,1120,26.17,217.7,52.9,296.77,40.91,0.04,0.98,-2.3,305.06,4063.29,56,0.35,0,2.5,0.75,0.99,19.97,0.11,109.27,952.3,0.346,478.163,2.68,Sur,5,1,965032
Guerrero,2021,1120,249.91,339.05,80.14,669.1,40.16,0.01,0.98,-2.3,302.69,4200.05,56.26,0.33,0,3.07,0.74,0.95,20.47,,117.31,952.3,0.389,4360.31,3.64,Sur,5,0,1159195
Hidalgo,2006,1076,41.56,167.76,-14.94,194.38,1.89,0.05,0.97,-2.07,276.47,5282.19,122.17,0.3,0.01,2.34,0.96,0.93,10.85,0.12,62.69,661.85,0.26,719.119,2.857,Centro,1,0,
Hidalgo,2007,1076,25.84,54.64,6.58,87.07,2.87,0.04,0.98,-2.02,282.23,5003.34,123.89,1.05,0.01,2.92,0.81,0.93,10.85,0.19,65.05,661.85,0.243,431.022,2.634,Centro,1,0,1300634
Hidalgo,2008,1076,10.96,94.68,16.1,121.74,2.86,0.04,0.96,-2.08,279.4,4771.3,125.92,0.06,0.01,2.06,1.29,0.88,13.42,0.04,69.3,661.85,0.241,212.28,2.327,Centro,1,0,2044631
Hidalgo,2009,1076,112.93,62.46,-63.93,111.46,5.44,0.05,0.95,-2.07,281.04,4562.46,128.01,0.06,0.02,2.29,1.22,0.89,12.86,0.26,71.77,661.85,0.274,2023.963,3.306,Centro,1,0,1269506
Hidalgo,2010,1076,291.3,50.97,38.08,380.35,4.18,0.05,0.97,-2.01,278.12,4411.82,129.96,0.13,0.01,1.35,1.28,0.93,12.39,0.44,74.93,661.85,0.276,4816.121,3.683,Centro,1,0,1099189
Hidalgo,2011,1076,52.92,157.73,54.87,265.53,7.69,0.04,0.96,-2.02,283.6,4390.79,131.84,0.14,0.01,1.67,1.01,0.97,13.77,0.36,77.79,661.85,0.275,936.647,2.972,Centro,1,0,1539101
Hidalgo,2012,1076,24.25,92.72,61.84,178.81,5.81,0.04,0.95,-1.93,286.13,4636.06,133.01,0.63,0.01,1.58,1.1,0.95,12.87,0.32,80.57,661.85,0.32,387.306,2.588,Centro,1,0,1510003
Hidalgo,2013,1076,261.29,132.54,76.2,470.02,5.97,0.05,0.96,-1.97,289.32,4664.44,135.14,0.58,0.01,1.92,0.92,0.97,13.01,0.85,83.77,661.85,0.332,4057.198,3.608,Centro,1,0,1589974
Hidalgo,2014,1076,-264.45,164.05,34.33,-66.07,7.35,0.05,0.97,-1.94,293.01,4529.83,137.27,0.6,0,1.73,1.11,0.94,14.51,1.93,87.19,661.85,0.365,-4401.884,-3.644,Centro,1,0,1721650
Hidalgo,2015,1076,139.17,186.91,197.65,523.73,8.1,0.03,0.98,-1.84,298.43,4358.11,139.42,3.68,0,1.23,1.16,0.95,17.07,2.1,89.05,661.85,0.343,2667.301,3.426,Centro,1,0,1726505
Hidalgo,2016,1076,109.93,157.03,177.61,444.57,7.46,0.04,0.97,-1.92,299.96,4591.28,141.61,0.76,0,1.63,0.96,0.98,20.52,0.85,92.04,661.85,0.336,2451.033,3.389,Centro,1,0,1677729
Hidalgo,2017,1076,53.77,177.03,118.56,349.36,10.32,0.04,0.98,-1.87,293.58,4329.91,143.83,2.5,0,1.68,0.97,0.98,19.18,1.64,98.27,661.85,0.329,1049.486,3.021,Centro,1,1,1788933
Hidalgo,2018,1076,57.65,41.44,87.4,186.48,9.92,0.02,0.98,-1.91,293.82,3948.73,146.22,2.08,0,2.49,0.96,0.94,20.11,1.54,103.02,661.85,0.376,1125.332,3.051,Centro,1,1,2242354
Hidalgo,2019,1076,189.07,150.63,-55.82,283.87,15.58,0.04,0.98,-1.94,302.04,3916.67,147.39,1.2,0,1.73,1.05,0.95,19.11,0.2,105.93,661.85,0.348,3410.132,3.533,Centro,1,1,2299343
Hidalgo,2020,1076,36.53,154.86,87.33,278.72,11.76,0.04,0.99,-2.04,310.51,3824.4,148.67,0.19,0.01,2.03,1.19,0.91,19.97,0.97,109.27,661.85,0.374,667.454,2.824,Centro,1,1,1336057
Hidalgo,2021,1076,21.03,120.14,35.1,176.27,9.1,0.04,0.99,-1.97,308.46,4114.18,150.44,0.42,0,1.26,1.08,0.97,20.47,,117.31,661.85,0.427,366.866,2.565,Centro,1,0,1848252
Jalisco,2006,1051,202.11,350.19,440.44,992.74,6.82,0.04,0.96,-2.35,315.95,6028.77,89.55,0.3,0,0.63,1.22,0.98,10.85,1.02,62.69,798.67,0.278,3497.245,3.544,Occidente,4,0,
Jalisco,2007,1051,1338.7,429.82,69.21,1837.72,6.3,0.04,0.98,-2.32,320.21,6322.88,90.87,0.32,0,0.64,0.97,1.03,10.85,1.19,65.05,798.67,0.292,22325.766,4.349,Occidente,4,0,14445974
Jalisco,2008,1051,279.14,511.91,249.62,1040.67,7.54,0.04,0.97,-2.32,317.92,5788.68,92.35,0.26,0,0.48,1.1,1.01,13.42,0.87,69.3,798.67,0.29,5406.991,3.733,Occidente,4,0,15360597
Jalisco,2009,1051,428.08,312.69,264.95,1005.72,9.23,0.05,0.95,-2.35,320.43,5330.23,93.83,0.28,0,0.55,1.05,1.02,12.86,0.88,71.77,798.67,0.292,7672.095,3.885,Occidente,4,0,15059587
Jalisco,2010,1051,1318.48,67.02,824.79,2210.3,14.45,0.06,0.95,-2.3,326.22,5376.91,95.18,0.75,0,0.67,1.06,1.01,12.39,0.94,74.93,798.67,0.33,21798.66,4.338,Occidente,4,0,18800995
Jalisco,2011,1051,289.85,328.43,417.98,1036.27,20.14,0.05,0.95,-2.27,335.28,5213.93,96.46,2.13,0,0.61,1.09,1.01,13.77,0.83,77.79,798.67,0.323,5130.176,3.71,Occidente,4,0,15333202
Jalisco,2012,1051,485.52,236.33,693.41,1415.26,20.55,0.06,0.95,-2.23,337.03,5344.05,96.46,1.88,0,0.6,1.02,1.02,12.87,1.22,80.57,798.67,0.341,7755.99,3.89,Occidente,4,0,19379718
Jalisco,2013,1051,1690.14,545.65,702.13,2937.92,19.38,0.04,0.94,-2.21,335.08,5324.49,97.71,1.34,0,0.55,1.15,0.99,13.01,5.49,83.77,798.67,0.371,26244.038,4.419,Occidente,4,0,20104515
Jalisco,2014,1051,340.55,798.52,545.53,1684.6,13.37,0.04,0.95,-2.17,334.5,5314.78,98.94,1.55,0,0.58,1.08,1.01,14.51,5.21,87.19,798.67,0.387,5668.573,3.753,Occidente,4,0,18737712
Jalisco,2015,1051,1236.93,671.44,1230.03,3138.4,15.59,0.05,0.95,-2.16,340.09,5360.26,100.19,0.79,0,0.85,1.23,0.96,17.07,6.93,89.05,798.67,0.36,23706.771,4.375,Occidente,4,0,19737684
Jalisco,2016,1051,942.08,604.09,556.09,2102.26,16.33,0.03,0.96,-2.11,340.68,5409.57,101.45,0.77,0,0.81,1.05,1,20.52,6.06,92.04,798.67,0.38,21004.2,4.322,Occidente,4,0,17877862
Jalisco,2017,1051,532.06,667.1,353.73,1552.89,19.38,0.03,0.98,-2.08,334.77,5349.08,102.73,1,0,0.84,1.02,1.01,19.18,6.96,98.27,798.67,0.424,10384.874,4.016,Occidente,4,1,18687649
Jalisco,2018,1051,165,604.46,245.34,1014.79,33.67,0.02,0.98,-2.08,336.24,5519.42,104.78,0.62,0,0.8,0.97,1.02,20.11,7.04,103.02,798.67,0.419,3221.125,3.508,Occidente,4,1,21133618
Jalisco,2019,1051,514.19,1109.36,-52.91,1570.63,29.68,0.03,0.97,-2.08,345.94,5447.66,106.37,0.91,0,0.72,1.03,1.01,19.11,0.79,105.93,798.67,0.431,9274.269,3.967,Occidente,4,1,21659641
Jalisco,2020,1051,394.4,1169.21,570.37,2133.99,25.76,0.04,0.97,-2.11,360.6,5872.72,106.8,0.35,0,0.81,0.9,1.03,19.97,5.24,109.27,798.67,0.469,7206.134,3.858,Occidente,4,1,20120964
Jalisco,2021,1051,487.45,703.1,950.99,2141.54,26.79,0.03,0.97,-2.09,359.19,5740.8,107.33,0.34,0,0.65,1.1,1,20.47,,117.31,798.67,0.499,8504.812,3.93,Occidente,4,0,23192531
Mexico,2006,1098,575.61,1272.25,555.24,2403.1,11.97,0.03,0.95,-2.33,329.55,5615.92,653.1,2.43,0,0.38,1.06,1.03,10.85,0.42,62.69,767.1,0.255,9959.983,3.998,Centro,1,0,
Mexico,2007,1098,919.48,864.28,437.15,2220.92,8.36,0.02,0.95,-2.29,334.26,5638.02,665.2,0.76,0.01,0.39,1.1,1.02,10.85,0.36,65.05,767.1,0.258,15334.468,4.186,Centro,1,0,8643137
Mexico,2008,1098,693.59,1384.46,267.84,2345.89,10.43,0.03,0.95,-2.33,331.17,5328.12,677.57,0.76,0.01,0.4,1.08,1.02,13.42,0.34,69.3,767.1,0.273,13434.897,4.128,Centro,1,0,9909897
Mexico,2009,1098,970.3,771.39,-149.31,1592.38,12.09,0.05,0.95,-2.32,332.96,5679.53,689.77,0.74,0.01,0.42,1.06,1.02,12.86,0.49,71.77,767.1,0.309,17389.95,4.24,Centro,1,0,7648353
Mexico,2010,1098,1141.19,576.51,310.68,2028.38,13.48,0.04,0.93,-2.26,328.56,5267.47,701.62,0.66,0.01,0.36,1.08,1.02,12.39,0.51,74.93,767.1,0.323,18867.622,4.276,Centro,1,0,10863011
Mexico,2011,1098,702.07,1773.52,236.49,2712.08,16.48,0.03,0.95,-2.25,329.18,5854.02,713.33,0.67,0.01,0.31,1.01,1.05,13.77,0.53,77.79,767.1,0.34,12426.343,4.094,Centro,1,0,15920530
Mexico,2012,1098,1034.95,1851.4,233.22,3119.58,18.5,0.04,0.94,-2.19,326.93,4909.43,701.22,0.73,0.01,0.27,1.03,1.04,12.87,0.59,80.57,767.1,0.335,16533.011,4.218,Centro,1,0,17076558
Mexico,2013,1098,2179.5,1971.62,457.32,4608.44,20.84,0.05,0.95,-2.2,326.81,4842.5,710.65,0.6,0.01,0.36,0.96,1.05,13.01,1.82,83.77,767.1,0.353,33842.707,4.529,Centro,1,0,18210483
Mexico,2014,1098,1520.77,1950.22,110.44,3581.42,18.13,0.04,0.96,-2.17,327.86,4617.36,720.03,0.89,0.01,0.3,0.99,1.04,14.51,1.91,87.19,767.1,0.34,25313.689,4.403,Centro,1,0,22472407
Mexico,2015,1098,1290.94,1523.57,145.15,2959.66,16.49,0.03,0.94,-2.14,334.39,4573.13,729.49,0.36,0.01,0.45,1.06,1.02,17.07,2.13,89.05,767.1,0.345,24742.007,4.393,Centro,1,0,21392725
Mexico,2016,1098,709.52,929.84,768.46,2407.82,16.76,0.04,0.95,-2.12,337.02,4913.45,739.07,0.3,0.01,0.28,0.96,1.05,20.52,1.85,92.04,767.1,0.381,15819.184,4.199,Centro,1,0,17332224
Mexico,2017,1098,2394.04,1186.86,180.53,3761.43,18.36,0.04,0.96,-2.04,328.76,4683.74,748.78,0.29,0.01,0.44,1.02,1.03,19.18,1.7,98.27,767.1,0.412,46727.631,4.67,Centro,1,1,18601992
Mexico,2018,1098,769.97,1335.23,228.61,2333.82,18.59,0.04,0.96,-2.06,330.12,4500.4,754.17,2,0.01,0.61,0.96,1.03,20.11,1.67,103.02,767.1,0.417,15031.071,4.177,Centro,1,1,20335098
Mexico,2019,1098,1102.05,1929.54,-98.57,2933.01,19.02,0.03,0.97,-2.06,336.15,4404.94,758.28,1.14,0.01,0.48,0.89,1.05,19.11,3.09,105.93,767.1,0.42,19877.421,4.298,Centro,1,1,20010001
Mexico,2020,1098,298.19,1785.26,301.84,2385.28,17.92,0.05,0.95,-2.1,348.23,4553.15,764.4,0.9,0.01,0.4,1,1.03,19.97,1.47,109.27,767.1,0.442,5448.254,3.736,Centro,1,1,14019129
Mexico,2021,1098,282.74,849.25,403.55,1535.54,18.1,0.05,0.95,-2.06,346.09,5093.49,769.7,0.61,0.01,0.62,0.86,1.05,20.47,,117.31,767.1,0.476,4933.04,3.693,Centro,1,0,17548506
Michoacan,2006,1096,-52.14,78.32,37.17,63.35,23.14,0.03,0.98,-2.3,277.54,4934.64,72.86,0.18,0.01,1.5,0.81,1.02,10.85,0.12,62.69,772.93,0.198,-902.125,-2.955,Occidente,4,0,
Michoacan,2007,1096,1627.96,101,131.95,1860.91,12.91,0.03,0.99,-2.25,278.46,4695.72,73.47,0.2,0.01,1.38,0.64,1.06,10.85,0.16,65.05,772.93,0.186,27149.941,4.434,Occidente,4,0,357291
Michoacan,2008,1096,40.68,114.97,31.56,187.21,15.12,0.03,0.98,-2.29,277.75,5001.09,74.27,0.2,0.01,1.27,0.8,1.03,13.42,0.14,69.3,772.93,0.212,788.038,2.897,Occidente,4,0,1099715
Michoacan,2009,1096,99.86,79,-22.39,156.48,21.24,0.05,0.96,-2.29,283.71,4680.53,75.04,0.16,0.02,1.37,0.74,1.04,12.86,0.23,71.77,772.93,0.221,1789.798,3.253,Occidente,4,0,805947
Michoacan,2010,1096,39.77,73.89,44.54,158.2,15.94,0.05,0.96,-2.29,284.12,5038.17,75.69,0.35,0.02,1.41,0.72,1.04,12.39,0.14,74.93,772.93,0.25,657.507,2.818,Occidente,4,0,1180681
Michoacan,2011,1096,25.79,115.61,9.28,150.68,19.07,0.04,0.98,-2.22,284.57,4524.45,76.31,0.4,0.02,1.81,0.86,0.99,13.77,0.11,77.79,772.93,0.26,456.394,2.659,Occidente,4,0,1142307
Michoacan,2012,1096,121.53,73.27,141.17,335.97,18.85,0.05,0.96,-2.2,289.39,4554.52,75.13,0.77,0.01,2.07,1.01,0.94,12.87,0.27,80.57,772.93,0.244,1941.41,3.288,Occidente,4,0,1251984
Michoacan,2013,1096,562.47,1418.64,266.57,2247.67,20.77,0.04,0.96,-2.22,291.59,4562.87,75.49,0.8,0.01,1.52,0.82,1.01,13.01,0.55,83.77,772.93,0.28,8733.906,3.941,Occidente,4,0,1534102
Michoacan,2014,1096,-31.59,201.09,41.98,211.48,20.92,0.05,0.97,-2.17,293.2,4701.15,75.85,0.19,0.02,1.25,0.88,1.02,14.51,0.52,87.19,772.93,0.296,-525.853,-2.721,Occidente,4,0,1099319
Michoacan,2015,1096,103.48,124.28,191.27,419.03,19.55,0.05,0.97,-2.16,297.48,4492.88,76.21,1.2,0,1.6,0.68,1.04,17.07,0.83,89.05,772.93,0.293,1983.198,3.297,Occidente,4,0,822901
Michoacan,2016,1096,25.76,120.34,47.82,193.92,31.85,0.04,0.98,-2.09,297.52,4554.12,76.57,2.13,0,1.7,0.74,1.02,20.52,0.65,92.04,772.93,0.276,574.299,2.759,Occidente,4,0,979214
Michoacan,2017,1096,189.98,138.18,-33.47,294.69,38.28,0.03,0.98,-2.05,290.38,4507.95,76.94,2.1,0,2.11,0.75,1,19.18,0.91,98.27,772.93,0.314,3708.022,3.569,Occidente,4,1,1272574
Michoacan,2018,1096,31.07,394.92,11.07,437.06,42.2,0.03,0.98,-2.04,289,4743.72,79.66,2.77,0,1.75,0.56,1.07,20.11,0.69,103.02,772.93,0.331,606.5,2.783,Occidente,4,1,4948553
Michoacan,2019,1096,198.76,170.96,-71.72,298.01,51.16,0.04,0.98,-2.04,295.48,4793.21,80.73,2.5,0,2.22,0.62,1.03,19.11,0.85,105.93,772.93,0.334,3585.052,3.554,Occidente,4,1,5586480
Michoacan,2020,1096,12.86,217.67,42.26,272.8,49.36,0.03,0.97,-2.07,304.36,5382.62,82.12,1.84,0,1.52,0.55,1.08,19.97,0.44,109.27,772.93,0.361,235.021,2.371,Occidente,4,1,5570424
Michoacan,2021,1096,906.95,211.44,-84.65,1033.73,54.67,0.03,0.97,-2.06,304.13,5612.36,83.57,0.49,0.01,1.91,0.56,1.05,20.47,,117.31,772.93,0.425,15823.878,4.199,Occidente,4,0,7134035
Morelos,2006,1117,14.09,33.76,126.09,173.95,8.23,0.03,0.97,-2.24,320.32,5224.98,351.13,0.17,0.01,0.63,0.75,1.09,10.85,0.99,62.69,795.6,0.265,243.784,2.387,Centro,1,0,
Morelos,2007,1117,41.71,243.72,108.07,393.5,7.25,0.03,0.97,-2.21,323.3,4858.44,356,0.23,0.01,0.73,0.57,1.12,10.85,0.92,65.05,795.6,0.269,695.548,2.842,Centro,1,0,2044922
Morelos,2008,1117,14.13,301.72,-31.06,284.79,12.19,0.02,0.96,-2.28,316.29,4828.87,361.41,0.13,0.02,0.9,0.66,1.09,13.42,0.85,69.3,795.6,0.278,273.715,2.437,Centro,1,0,1950867
Morelos,2009,1117,203.27,48.22,-129.8,121.69,14.48,0.03,0.96,-2.24,319.48,4557.85,366.7,0.07,0.02,0.65,0.66,1.09,12.86,1.62,71.77,795.6,0.303,3643.078,3.561,Centro,1,0,1562214
Morelos,2010,1117,56.42,69.9,73.06,199.38,27.25,0.03,0.98,-2.21,319.99,4624.91,371.55,0.03,0.02,0.64,0.71,1.08,12.39,1.21,74.93,795.6,0.334,932.789,2.97,Centro,1,0,2101613
Morelos,2011,1117,10.69,128.89,-37.13,102.46,23.69,0.03,0.97,-2.19,322.64,4811.55,376.33,0.02,0.02,0.53,0.71,1.09,13.77,1.85,77.79,795.6,0.336,189.253,2.277,Centro,1,0,3141479
Morelos,2012,1117,45.67,184.38,44.27,274.32,36.73,0.03,0.96,-2.16,325.15,4525.24,375,0.55,0,0.61,0.66,1.09,12.87,1.94,80.57,795.6,0.336,729.525,2.863,Centro,1,0,4120010
Morelos,2013,1117,291.78,338.31,-178.94,451.16,34.02,0.04,0.97,-2.13,330.1,4233.29,379.54,0.26,0,0.52,0.73,1.09,13.01,3.08,83.77,795.6,0.366,4530.635,3.656,Centro,1,0,4207055
Morelos,2014,1117,-67.89,317.2,107.21,356.52,23.43,0.03,0.97,-2.12,333.73,4072.09,384.04,0.22,0.01,0.7,0.6,1.1,14.51,3.41,87.19,795.6,0.351,-1130.027,-3.053,Centro,1,0,3791586
Morelos,2015,1117,16.57,274.69,193.54,484.8,24.74,0.03,0.98,-2.09,341.71,4000.32,388.58,0.5,0.01,0.45,0.63,1.11,17.07,3.11,89.05,795.6,0.371,317.578,2.502,Centro,1,0,3402757
Morelos,2016,1117,60.14,200.15,-25.42,234.87,34.3,0.03,0.99,-2.06,342.86,3944.31,393.17,1.19,0.01,0.53,0.72,1.09,20.52,3.08,92.04,795.6,0.366,1340.824,3.127,Centro,1,0,3787522
Morelos,2017,1117,66.69,288.39,247.99,603.07,33.7,0.02,0.98,-2.06,334.04,4081.26,397.81,2.21,0.01,0.64,0.62,1.11,19.18,2.68,98.27,795.6,0.361,1301.668,3.115,Centro,1,1,3490782
Morelos,2018,1117,145.47,207.31,-100.92,251.87,41.65,0.02,0.98,-2.08,333,3852.62,402.54,1.76,0.01,0.94,0.66,1.09,20.11,3.67,103.02,795.6,0.381,2839.847,3.453,Centro,1,1,3833335
Morelos,2019,1117,280.17,204.37,171.08,655.62,53.18,0.02,0.98,-2.1,339.13,4074.22,404.72,0.87,0,0.6,0.6,1.11,19.11,3.49,105.93,795.6,0.414,5053.348,3.704,Centro,1,1,3086705
Morelos,2020,1117,7.1,171.16,208.42,386.68,49.87,0.02,0.97,-2.16,348.16,4024.62,405.26,1.78,0,0.62,0.63,1.1,19.97,1.92,109.27,795.6,0.447,129.678,2.113,Centro,1,1,2651026
Morelos,2021,1117,7.11,-34.19,121.85,94.77,60.06,0.03,0.97,-2.11,342.77,4115.76,408.13,15.7,0,0.6,0.64,1.1,20.47,,117.31,795.6,0.433,124.001,2.093,Centro,1,0,3201398
Nayarit,2006,2357,221.13,16.72,8.64,246.49,10.07,0.04,0.97,-2.3,269.75,5422.25,36.73,0.01,0.01,0.8,0.51,1.14,10.85,0,62.69,850.25,0.3,3826.298,3.583,Occidente,4,0,
Nayarit,2007,2357,197.68,21.2,25.71,244.59,10.34,0.03,0.98,-2.29,264.03,5582.31,37.48,0.06,0.01,0.72,0.64,1.11,10.85,0.1,65.05,850.25,0.3,3296.793,3.518,Occidente,4,0,37114
Nayarit,2008,2357,48.18,33.31,73.65,155.14,14.51,0.04,0.97,-2.24,259.92,5936.06,38.34,0.04,0.01,0.47,0.62,1.12,13.42,0.09,69.3,850.25,0.333,933.227,2.97,Occidente,4,0,39903
Nayarit,2009,2357,109.04,17.49,-22.52,104.01,17.84,0.04,0.96,-2.29,259.35,5443.28,39.25,0.06,0.03,1.08,0.56,1.09,12.86,0,71.77,850.25,0.36,1954.304,3.291,Occidente,4,0,57563
Nayarit,2010,2357,118.64,19.9,39.59,178.13,48.4,0.04,0.97,-2.27,258.15,5245.61,40.12,0.1,0.02,0.83,0.71,1.07,12.39,0.09,74.93,850.25,0.347,1961.559,3.293,Occidente,4,0,63366
Nayarit,2011,2357,119.03,27.09,1.54,147.66,51.1,0.06,0.94,-2.23,261.1,5355.92,40.96,0.43,0.01,0.64,0.7,1.09,13.77,0.18,77.79,850.25,0.364,2106.845,3.324,Occidente,4,0,101538
Nayarit,2012,2357,130.19,17.9,9.17,157.26,25.69,0.05,0.94,-2.2,264.4,5077.8,40.24,1.58,0.01,0.92,0.51,1.11,12.87,0.09,80.57,850.25,0.379,2079.775,3.318,Occidente,4,0,96988
Nayarit,2013,2357,485.04,26.17,24.23,535.43,19.89,0.05,0.94,-2.24,263.27,5234.58,40.79,0.94,0,0.67,0.52,1.12,13.01,0.34,83.77,850.25,0.371,7531.598,3.877,Occidente,4,0,109407
Nayarit,2014,2357,51.6,43.63,10.57,105.8,15.02,0.07,0.96,-2.18,263.38,5050.66,41.34,4.81,0.01,0.8,0.59,1.1,14.51,0.17,87.19,850.25,0.372,858.832,2.934,Occidente,4,0,112608
Nayarit,2015,2357,66.95,34.82,-2.73,99.04,12.51,0.04,0.96,-2.2,267.8,4980.47,41.89,0.97,0,1.16,0.71,1.06,17.07,0.86,89.05,850.25,0.396,1283.197,3.108,Occidente,4,0,101253
Nayarit,2016,2357,54.69,31.41,-0.52,85.58,12.6,0.05,0.97,-2.17,269.81,5143.74,42.45,0.51,0.01,1.38,0.56,1.08,20.52,0.76,92.04,850.25,0.398,1219.408,3.086,Occidente,4,0,166361
Nayarit,2017,2357,68.82,34.59,0.37,103.78,39.23,0.03,0.96,-2.15,264.97,5142.92,43.01,0.63,0.01,1.1,0.59,1.09,19.18,0.58,98.27,850.25,0.416,1343.288,3.128,Occidente,4,1,124554
Nayarit,2018,2357,68.35,29.54,90.68,188.57,29.67,0.03,0.97,-2.13,264.49,4982.61,43.92,15.33,0,1.19,0.61,1.08,20.11,0.82,103.02,850.25,0.432,1334.334,3.125,Occidente,4,1,276598
Nayarit,2019,2357,140,46.12,-15.72,170.4,17.25,0.03,0.96,-2.13,275.88,5022.93,44.32,0.91,0,1.63,0.54,1.07,19.11,1.05,105.93,850.25,0.421,2525.156,3.402,Occidente,4,1,266760
Nayarit,2020,2357,189.93,51.62,540.79,782.35,14.68,0.04,0.98,-2.2,290.32,5968.22,44.51,0.68,0,2.22,0.69,1.01,19.97,0.56,109.27,850.25,0.428,3470.281,3.54,Occidente,4,1,255183
Nayarit,2021,2357,105.29,121.97,75.61,302.87,17.56,0.03,0.98,-2.12,288.22,5407.95,44.98,0.74,0,0.89,0.64,1.08,20.47,,117.31,850.25,0.481,1837.043,3.264,Occidente,4,0,259003
Nuevo Leon,2006,976,817.08,545.73,364.41,1727.22,3.81,0.05,0.96,-1.02,368.12,7861.8,69.18,0.43,0,0.09,1.1,1.04,10.85,1.82,62.69,216.33,0.245,14138.236,4.15,Norte,3,0,
Nuevo Leon,2007,976,2764.3,788.63,40.27,3593.2,6.18,0.04,0.96,-0.99,374.39,7679.1,70.41,0.25,0,0.08,1.07,1.05,10.85,1.62,65.05,216.33,0.247,46100.905,4.664,Norte,3,0,19803476
Nuevo Leon,2008,976,815.72,378.22,476.93,1670.88,5.24,0.05,0.96,-1.02,371.7,7243.61,71.65,0.48,0,0.07,1.14,1.03,13.42,2.11,69.3,216.33,0.269,15800.548,4.199,Norte,3,0,21765788
Nuevo Leon,2009,976,760.99,243.91,-52.34,952.56,7.31,0.08,0.95,-1.05,374.6,6781.12,72.88,0.42,0.01,0.08,0.97,1.06,12.86,2.44,71.77,216.33,0.271,13638.646,4.135,Norte,3,0,17327012
Nuevo Leon,2010,976,4211.73,332.99,297.16,4841.89,19.53,0.06,0.94,-0.98,368.83,6909.42,74.07,0.66,0.01,0.12,1.12,1.03,12.39,2.31,74.93,216.33,0.27,69633.501,4.843,Norte,3,0,21343765
Nuevo Leon,2011,976,258.54,776.54,644.16,1679.24,44.55,0.05,0.95,-0.95,369.86,6495.76,75.2,9.82,0,0.12,1.21,1.01,13.77,3.25,77.79,216.33,0.256,4575.983,3.66,Norte,3,0,24589656
Nuevo Leon,2012,976,-13.51,1001.83,292.8,1281.12,37.47,0.06,0.95,-0.93,371.57,6664.33,76.25,3.93,0,0.1,1.15,1.02,12.87,2.98,80.57,216.33,0.291,-215.741,-2.334,Norte,3,0,25815501
Nuevo Leon,2013,976,762.1,1168.75,283.72,2214.57,18.66,0.06,0.96,-0.93,370.76,6271.14,77.84,12.52,0,0.11,1.2,1.01,13.01,10.14,83.77,216.33,0.27,11833.686,4.073,Norte,3,0,25897184
Nuevo Leon,2014,976,77.45,1385.64,115.57,1578.66,11.28,0.04,0.97,-0.88,370.67,6032.97,79.44,5.28,0,0.12,1.16,1.01,14.51,9.56,87.19,216.33,0.298,1289.196,3.11,Norte,3,0,31513013
Nuevo Leon,2015,976,592.29,978.71,1791.49,3362.49,9.11,0.04,0.96,-0.86,380.1,6038.98,81.06,15.3,0,0.1,1.21,1,17.07,9.36,89.05,216.33,0.323,11351.793,4.055,Norte,3,0,34522156
Nuevo Leon,2016,976,994.07,1428.9,923.05,3346.03,11.81,0.05,0.96,-0.85,381.79,6204.97,82.72,200.02,0,0.08,1.26,0.99,20.52,6.39,92.04,216.33,0.303,22163.337,4.346,Norte,3,0,32177306
Nuevo Leon,2017,976,124.96,1349.48,521.79,1996.24,12.26,0.04,0.97,-0.82,375.98,6289.52,84.41,27.61,0,0.1,1.1,1.03,19.18,6.24,98.27,216.33,0.334,2439.078,3.387,Norte,3,1,36004726
Nuevo Leon,2018,976,867.53,1498.8,1309.4,3675.74,15.22,0.03,0.97,-0.75,380.68,6410.88,86.05,21.63,0,0.09,1.14,1.02,20.11,5.83,103.02,216.33,0.337,16935.582,4.229,Norte,3,1,39615279
Nuevo Leon,2019,976,1099.76,2411.32,-236.44,3274.64,17.16,0.03,0.97,-0.77,392.24,6850.78,89.11,10.3,0,0.15,1.13,1.02,19.11,4.48,105.93,216.33,0.345,19836.198,4.297,Norte,3,1,39857053
Nuevo Leon,2020,976,572.75,1985.56,584.33,3142.64,15.62,0.05,0.96,-0.79,405.83,7418.2,91.73,8.79,0,0.19,1.31,0.97,19.97,4.37,109.27,216.33,0.356,10464.794,4.02,Norte,3,1,34529275
Nuevo Leon,2021,976,1774.91,1714.88,-198.12,3291.68,17.79,0.03,0.97,-0.78,401.84,7319.91,93.76,23.08,0,0.17,1.21,1,20.47,,117.31,216.33,0.365,30967.588,4.491,Norte,3,0,41496126
Oaxaca,2006,1123,29.86,73.41,7.01,110.28,13.83,0.04,0.99,-2.33,270.85,4132.4,40.1,0.55,0.02,3.92,0.99,0.83,10.85,0.03,62.69,992.44,0.193,516.642,2.713,Sur,5,0,
Oaxaca,2007,1123,71.15,87.03,14.58,172.76,14.88,0.02,0.99,-2.33,271.47,4168.38,40.36,0.11,0.02,3.33,1.12,0.83,10.85,0,65.05,992.44,0.201,1186.576,3.074,Sur,5,0,623321
Oaxaca,2008,1123,44.77,103.31,53.1,201.18,16.16,0.03,0.98,-2.29,266.77,4190,40.71,0,0.02,3.22,1.14,0.85,13.42,0,69.3,992.44,0.211,867.17,2.938,Sur,5,0,1448886
Oaxaca,2009,1123,85.86,69.13,80.94,235.93,15.53,0.04,0.98,-2.27,270.94,3881.94,41.06,0,0.03,2.98,1.32,0.83,12.86,0.05,71.77,992.44,0.2,1538.825,3.187,Sur,5,0,1044384
Oaxaca,2010,1123,31.14,47.84,38.58,117.57,18.84,0.03,0.98,-2.32,272.3,3982.72,41.39,0,0.03,3.33,1.18,0.84,12.39,0.18,74.93,992.44,0.234,514.917,2.712,Sur,5,0,830212
Oaxaca,2011,1123,9.8,77.06,91.25,178.12,17.51,0.04,0.97,-2.26,274.1,3880.83,41.73,0.38,0.01,3.6,1.15,0.83,13.77,0.2,77.79,992.44,0.25,173.507,2.239,Sur,5,0,996976
Oaxaca,2012,1123,85.73,73.45,194.52,353.7,18.1,0.04,0.97,-2.29,276.78,3856.33,41.01,0.02,0.03,2.79,1.23,0.86,12.87,0.05,80.57,992.44,0.249,1369.461,3.137,Sur,5,0,776494
Oaxaca,2013,1123,1454.18,104.32,384.05,1942.55,19.73,0.04,0.98,-2.25,276.18,4101.71,41.2,0.04,0.02,3.63,1.13,0.84,13.01,0.23,83.77,992.44,0.238,22580.104,4.354,Sur,5,0,1117820
Oaxaca,2014,1123,-40.94,184.71,339.03,482.8,19.2,0.03,0.98,-2.24,275.59,3707.56,41.39,0.22,0.01,3.6,0.95,0.89,14.51,0.25,87.19,992.44,0.284,-681.479,-2.833,Sur,5,0,1359228
Oaxaca,2015,1123,88.34,165.91,42.94,297.2,20.78,0.02,0.97,-2.23,280.31,3594.39,41.58,0.35,0.01,3.17,0.96,0.9,17.07,0.41,89.05,992.44,0.265,1693.201,3.229,Sur,5,0,737200
Oaxaca,2016,1123,24.5,128.25,42.78,195.53,20.38,0.03,0.98,-2.27,278.68,3539.54,41.77,0.51,0.01,2.84,1.18,0.87,20.52,0.46,92.04,992.44,0.281,546.17,2.737,Sur,5,0,627162
Oaxaca,2017,1123,125.74,155.72,203.35,484.81,25.29,0.03,0.99,-2.41,271.96,3456.94,41.96,2.58,0,3.06,1.15,0.86,19.18,0.41,98.27,992.44,0.31,2454.311,3.39,Sur,5,1,603681
Oaxaca,2018,1123,-72.45,76.08,484.2,487.82,27.4,0.02,0.98,-2.3,274.68,3281.33,42.78,7.35,0,2.52,1.4,0.84,20.11,0.5,103.02,992.44,0.305,-1414.428,-3.151,Sur,5,1,919020
Oaxaca,2019,1123,54.25,207.64,-205.27,56.62,27.88,0.03,0.98,-2.36,281.06,3517.73,43.73,3.95,0,3.87,1.31,0.8,19.11,0.41,105.93,992.44,0.279,978.469,2.991,Sur,5,1,712575
Oaxaca,2020,1123,-27.65,37.01,234.96,244.32,20.58,0.03,0.99,-2.31,291.74,4221.43,44.46,17.29,0,2.73,1.06,0.9,19.97,0.38,109.27,992.44,0.345,-505.26,-2.704,Sur,5,1,664509
Oaxaca,2021,1123,110.62,51.18,-254.4,-92.6,18.32,0.02,0.99,-2.3,291.06,3660.61,45.01,1.74,0,4.02,1.06,0.82,20.47,,117.31,992.44,0.318,1930.084,3.286,Sur,5,0,1091220
Puebla,2006,1088,277.89,129.4,17.68,424.98,6.29,0.05,0.97,-2.32,306.12,4331.51,163.56,0.05,0.01,2.75,1.38,0.79,10.85,0.2,62.69,765.09,0.195,4808.503,3.682,Centro,1,0,
Puebla,2007,1088,409.52,151.1,102.08,662.7,4.83,0.05,0.97,-2.26,308.24,4566.02,165.47,0.31,0.01,2.92,1.37,0.8,10.85,0.21,65.05,765.09,0.21,6829.658,3.834,Centro,1,0,7781314
Puebla,2008,1088,214.48,148.04,18.61,381.13,6.12,0.05,0.97,-2.28,301.04,4372.17,167.61,0.09,0.01,3.66,1.32,0.78,13.42,0.38,69.3,765.09,0.209,4154.579,3.619,Centro,1,0,9205476
Puebla,2009,1088,153.64,127.9,-98.99,182.55,6.18,0.05,0.96,-2.31,302.3,4137.38,169.71,0.04,0.01,3.11,1.2,0.85,12.86,0.82,71.77,765.09,0.227,2753.588,3.44,Centro,1,0,6675262
Puebla,2010,1088,501.51,160.82,110.57,772.9,6.38,0.06,0.95,-2.25,306.36,4302.29,171.7,0.09,0.01,3.2,1.17,0.85,12.39,0.73,74.93,765.09,0.261,8291.634,3.919,Centro,1,0,8596410
Puebla,2011,1088,295.52,234.78,64.16,594.45,7.38,0.05,0.96,-2.21,308.08,4200.41,173.73,0.14,0.01,3.26,1.15,0.85,13.77,1.16,77.79,765.09,0.263,5230.495,3.719,Centro,1,0,10692381
Puebla,2012,1088,195.47,380.06,199.8,775.32,7.77,0.06,0.97,-2.15,308.74,4231.65,174.39,0.16,0,3.07,1.2,0.85,12.87,1.63,80.57,765.09,0.258,3122.487,3.495,Centro,1,0,12277946
Puebla,2013,1088,300.51,752.54,451.47,1504.51,9.23,0.04,0.97,-2.19,305.84,4263.02,176.9,0.17,0,3.43,0.96,0.88,13.01,1.92,83.77,765.09,0.294,4666.268,3.669,Centro,1,0,11003344
Puebla,2014,1088,407.17,661.18,-11.18,1057.16,9.18,0.05,0.97,-2.13,307.81,4273.75,179.41,0.08,0.01,3.41,0.93,0.9,14.51,2.16,87.19,765.09,0.301,6777.434,3.831,Centro,1,0,10594592
Puebla,2015,1088,511.49,309.83,-29.87,791.46,10.12,0.05,0.98,-2.14,314.15,4053.79,181.93,0.13,0.01,3.37,0.96,0.89,17.07,2.56,89.05,765.09,0.311,9803.241,3.991,Centro,1,0,10141642
Puebla,2016,1088,335.79,340.95,489.8,1166.54,11.63,0.04,0.98,-2.09,315.28,3931.13,184.5,0.1,0.01,3.82,1.09,0.84,20.52,2.5,92.04,765.09,0.319,7486.651,3.874,Centro,1,0,9372970
Puebla,2017,1088,52.43,361.79,539.35,953.57,16.86,0.04,0.97,-2.04,309.27,3914.29,187.1,0.16,0,3.09,1.17,0.86,19.18,2.24,98.27,765.09,0.345,1023.357,3.01,Centro,1,1,15019152
Puebla,2018,1088,116.86,399.27,127.81,643.93,18.1,0.04,0.97,-2.04,307.22,4002.57,188.88,0.24,0,2.5,1.06,0.91,20.11,2.89,103.02,765.09,0.376,2281.245,3.358,Centro,1,1,16837910
Puebla,2019,1088,416.61,745.02,882.35,2043.99,18.95,0.03,0.98,-2.05,313.52,4153.77,190.98,0.53,0,3.22,0.91,0.91,19.11,2.23,105.93,765.09,0.37,7514.372,3.876,Centro,1,1,17547974
Puebla,2020,1088,81.54,581.53,-80.03,583.04,14.48,0.06,0.96,-2.09,327.8,4207.02,193.23,1.34,0,2.57,0.88,0.95,19.97,1.75,109.27,765.09,0.373,1489.807,3.173,Centro,1,1,13510464
Puebla,2021,1088,237.95,280.25,109.61,627.8,12.18,0.05,0.96,-2.12,326.56,4165.93,194.49,0.35,0,2.38,1.01,0.93,20.47,,117.31,765.09,0.409,4151.538,3.618,Centro,1,0,14853899
Queretaro ,2006,1069,243.94,319.57,187.07,750.58,3.53,0.05,0.97,-2.25,361.7,6273.96,147.77,0.06,0.01,0.52,1.26,0.97,10.85,0.64,62.69,652.31,0.278,4220.994,3.625,Bajio,2,0,
Queretaro ,2007,1069,420,306.11,89.15,815.27,3.18,0.04,0.97,-2.2,367.09,6361.37,150.5,0.05,0.01,0.66,1.33,0.95,10.85,1.42,65.05,652.31,0.282,7004.521,3.845,Bajio,2,0,3410507
Queretaro ,2008,1069,352.46,361.24,357.8,1071.5,4.07,0.04,0.95,-2.19,365.92,6075.11,153.44,0.03,0.01,0.69,1.19,0.98,13.42,1.11,69.3,652.31,0.293,6827.135,3.834,Bajio,2,0,4067930
Queretaro ,2009,1069,654.86,188.86,287.89,1131.61,4.87,0.06,0.91,-2.18,372.11,5368.75,156.37,0.02,0.01,0.68,1.29,0.96,12.86,1.31,71.77,652.31,0.312,11736.567,4.07,Bajio,2,0,3471123
Queretaro ,2010,1069,353.41,233.36,265.27,852.03,3.92,0.04,0.94,-2.1,366.99,5490.42,159.17,0.02,0.01,0.34,1.36,0.97,12.39,2.53,74.93,652.31,0.343,5843.02,3.767,Bajio,2,0,4598764
Queretaro ,2011,1069,504.05,426.88,123.86,1054.79,5.76,0.04,0.94,-2.02,367.23,5391.87,161.94,0.09,0,0.45,1.28,0.99,13.77,2.32,77.79,652.31,0.352,8921.388,3.95,Bajio,2,0,6088263
Queretaro ,2012,1069,-353.59,239.27,219.72,105.4,5.85,0.03,0.94,-2.05,369.9,5246.38,166.66,0.09,0,0.74,1.21,0.98,12.87,1.61,80.57,652.31,0.36,-5648.419,-3.752,Bajio,2,0,7386392
Queretaro ,2013,1069,280.36,402.15,244.09,926.6,5.95,0.03,0.94,-2.05,370.53,5854.61,171.12,0.09,0,0.42,1.25,0.98,13.01,5.42,83.77,652.31,0.381,4353.325,3.639,Bajio,2,0,8158718
Queretaro ,2014,1069,192.04,598.54,338.15,1128.73,5.21,0.04,0.95,-1.97,371.68,5239.6,175.61,0.11,0,0.24,1.29,0.98,14.51,4.99,87.19,652.31,0.393,3196.624,3.505,Bajio,2,0,9147776
Queretaro ,2015,1069,498.31,480.2,463.96,1442.47,6.65,0.04,0.95,-1.93,379.82,5535.24,180.21,0.05,0,0.4,1.25,0.98,17.07,5.13,89.05,652.31,0.394,9550.509,3.98,Bajio,2,0,10400468
Queretaro ,2016,1069,289.27,374.01,412.19,1075.47,6.34,0.04,0.96,-1.92,381.94,5611.63,184.92,0.03,0.01,0.25,1.25,0.99,20.52,5.78,92.04,652.31,0.426,6449.422,3.81,Bajio,2,0,10314836
Queretaro ,2017,1069,337.29,498.85,149.86,986,9.78,0.05,0.95,-1.89,377.64,5247.42,189.75,0.18,0,0.23,1.11,1.02,19.18,5.73,98.27,652.31,0.422,6583.269,3.818,Bajio,2,1,10478612
Queretaro ,2018,1069,367.28,568.08,292.28,1227.65,9.87,0.04,0.96,-1.88,385.3,5472,196.71,0.07,0.01,0.17,1.13,1.01,20.11,4.39,103.02,652.31,0.465,7169.974,3.856,Bajio,2,1,11227331
Queretaro ,2019,1069,663.55,625.87,-120.34,1169.07,9.32,0.03,0.96,-1.89,396.43,5789.53,202.73,0.2,0,0.18,1.3,0.98,19.11,4.09,105.93,652.31,0.458,11968.302,4.078,Bajio,2,1,12868797
Queretaro ,2020,1069,355.92,672.68,-167.57,861.03,9.42,0.05,0.95,-1.93,408.32,5796.22,205.28,0.12,0,0.45,1.25,0.97,19.97,3.79,109.27,652.31,0.512,6502.994,3.813,Bajio,2,1,11748821
Queretaro ,2021,1069,315.45,323.18,241.04,879.67,9.3,0.05,0.95,-1.94,404.96,5768.16,209.74,0.45,0,0.56,1.28,0.97,20.47,,117.31,652.31,0.497,5503.71,3.741,Bajio,2,0,14572270
Quintana Roo,2006,1072,373.81,38.17,-0.16,411.82,5.63,0.04,0.98,-2.98,273.42,7502.56,26.64,0.28,0,0.25,0.56,1.15,10.85,0.42,62.69,1252.66,0.294,6468.192,3.811,Sur,5,0,
Quintana Roo,2007,1072,937.66,48.65,15.41,1001.72,9.8,0.04,0.98,-2.91,276.45,7492.15,27.62,0.26,0.01,0.32,0.5,1.16,10.85,0.08,65.05,1252.66,0.295,15637.622,4.194,Sur,5,0,40567
Quintana Roo,2008,1072,469.69,67.93,-240.05,297.56,11.26,0.04,0.97,-2.91,269.69,6948.95,28.6,0.47,0.01,0.23,0.44,1.17,13.42,0.08,69.3,1252.66,0.326,9097.861,3.959,Sur,5,0,42303
Quintana Roo,2009,1072,277.11,43.51,-30.13,290.48,10.66,0.07,0.95,-2.95,268.24,6915.98,29.59,0.4,0.02,0.19,0.51,1.14,12.86,0.23,71.77,1252.66,0.324,4966.38,3.696,Sur,5,0,35711
Quintana Roo,2010,1072,217.19,47.48,32.03,296.7,10.6,0.08,0.95,-2.9,265.61,6658.77,30.59,1.49,0.01,0.2,0.45,1.16,12.39,0.22,74.93,1252.66,0.375,3590.811,3.555,Sur,5,0,59003
Quintana Roo,2011,1072,386.18,80.8,37.63,504.6,11.61,0.05,0.97,-2.85,264.38,6440.32,31.59,6.89,0.01,0.17,0.38,1.17,13.77,0.07,77.79,1252.66,0.389,6835.177,3.835,Sur,5,0,100307
Quintana Roo,2012,1072,449.12,61.23,73.35,583.7,10.56,0.06,0.96,-2.81,261.74,6359.94,32.64,0.48,0.01,0.16,0.32,1.18,12.87,0.27,80.57,1252.66,0.432,7174.553,3.856,Sur,5,0,44176
Quintana Roo,2013,1072,785.27,75.4,69.62,930.29,10.8,0.05,0.97,-2.77,258.57,6602.76,33.96,2.59,0.01,0.22,0.37,1.17,13.01,0.8,83.77,1252.66,0.414,12193.534,4.086,Sur,5,0,36533
Quintana Roo,2014,1072,95.73,106.52,21.69,223.94,7.92,0.05,0.96,-2.74,256.53,5899.62,35.31,1.16,0.01,0.19,0.41,1.17,14.51,1.03,87.19,1252.66,0.421,1593.404,3.202,Sur,5,0,19223
Quintana Roo,2015,1072,322.88,49.61,-47.21,325.28,8.84,0.04,0.98,-2.68,260.98,6474.35,36.7,1.22,0.01,0.29,0.38,1.17,17.07,1.4,89.05,1252.66,0.441,6188.337,3.792,Sur,5,0,31075
Quintana Roo,2016,1072,138.29,152.15,6.08,296.51,11.31,0.03,0.96,-2.61,260.35,6384.31,38.16,2.97,0,0.31,0.41,1.17,20.52,1.17,92.04,1252.66,0.44,3083.167,3.489,Sur,5,0,23156
Quintana Roo,2017,1072,323.04,175.95,-19.65,479.33,25.43,0.04,0.97,-2.57,253.26,6280.44,39.67,26.07,0,0.21,0.46,1.17,19.18,1.24,98.27,1252.66,0.472,6305.153,3.8,Sur,5,1,33172
Quintana Roo,2018,1072,366.11,238.81,-13.45,591.47,45.34,0.03,0.96,-2.54,252.53,6189.91,40.55,4.33,0,0.11,0.39,1.18,20.11,1.54,103.02,1252.66,0.507,7146.992,3.854,Sur,5,1,79125
Quintana Roo,2019,1072,408.18,243,12.97,664.14,38.75,0.04,0.97,-2.52,267.09,6519.05,41.44,5.98,0,0.47,0.45,1.15,19.11,0.38,105.93,1252.66,0.497,7362.284,3.867,Sur,5,1,80908
Quintana Roo,2020,1072,24.82,150.46,-14.43,160.85,33.1,0.1,0.94,-2.76,289.83,6118.93,42.1,46.03,0,0.43,0.37,1.17,19.97,2.6,109.27,1252.66,0.512,453.539,2.657,Sur,5,1,14707
Quintana Roo,2021,1072,286.26,231.94,-46.91,471.29,35.16,0.05,0.96,-2.57,298.46,6217.91,42.56,4.72,0,0.24,0.37,1.18,20.47,,117.31,1252.66,0.527,4994.518,3.698,Sur,5,0,28557
San Luis Potosi,2006,1034,101.13,76.07,21.51,198.72,6.34,0.04,0.97,-2.05,298.17,5538.06,41.04,0.34,0.01,1.29,0.95,1,10.85,0.36,62.69,520.79,0.24,1749.949,3.243,Bajio,2,0,
San Luis Potosi,2007,1034,159.77,291.96,72.19,523.92,5.6,0.04,0.98,-2.01,303.37,5916.79,41.48,0.3,0.01,1.46,1.08,0.96,10.85,0.16,65.05,520.79,0.26,2664.599,3.426,Bajio,2,0,4788268
San Luis Potosi,2008,1034,221.85,104.05,134.83,460.73,7.75,0.04,0.97,-2.01,298.46,5673.98,42.01,0.18,0.01,1.47,0.99,0.98,13.42,0.31,69.3,520.79,0.265,4297.312,3.633,Bajio,2,0,4528943
San Luis Potosi,2009,1034,28.97,4.13,51.92,85.03,8.11,0.05,0.97,-2.02,304.62,5324.22,42.54,0.24,0.01,0.82,1.1,0.99,12.86,0.31,71.77,520.79,0.264,519.274,2.715,Bajio,2,0,3559105
San Luis Potosi,2010,1034,173.74,106.61,193.15,473.49,13.8,0.06,0.96,-1.97,301.6,5403.24,43.02,0.28,0,0.98,1.1,0.98,12.39,0.23,74.93,520.79,0.311,2872.444,3.458,Bajio,2,0,4825611
San Luis Potosi,2011,1034,82.25,175.97,10.05,268.26,13.69,0.05,0.97,-1.92,304.45,5118.46,43.48,0.27,0,0.77,1,1.01,13.77,0.15,77.79,520.79,0.34,1455.774,3.163,Bajio,2,0,5755599
San Luis Potosi,2012,1034,168.28,603.22,108.83,880.32,17.16,0.04,0.98,-1.88,309.61,5076.42,43.37,0.41,0,0.9,1.09,0.99,12.87,0.34,80.57,520.79,0.326,2688.215,3.429,Bajio,2,0,7224414
San Luis Potosi,2013,1034,1118.97,485.34,403.82,2008.13,11.27,0.05,0.98,-1.87,309.8,5090.93,43.82,0.26,0,1.01,1.15,0.97,13.01,1.47,83.77,520.79,0.311,17375.084,4.24,Bajio,2,0,7803665
San Luis Potosi,2014,1034,243.54,568.91,252.38,1064.82,9.98,0.04,0.97,-1.82,314.06,4912.83,44.27,0.22,0,0.92,1.13,0.97,14.51,2.41,87.19,520.79,0.361,4053.761,3.608,Bajio,2,0,8476833
San Luis Potosi,2015,1034,1136.07,261.39,501.6,1899.06,9.69,0.04,0.98,-1.78,325.2,5126.27,44.72,0.28,0,1.25,1.09,0.97,17.07,0.99,89.05,520.79,0.341,21773.827,4.338,Bajio,2,0,9806397
San Luis Potosi,2016,1034,441.61,274.88,98.44,814.93,12.13,0.03,0.98,-1.72,331.42,4994.51,45.18,0.19,0,1.19,1.07,0.97,20.52,2.06,92.04,520.79,0.351,9845.93,3.993,Bajio,2,0,9505026
San Luis Potosi,2017,1034,459.59,417.77,528.5,1405.86,17.99,0.03,0.97,-1.66,332.55,5196.87,45.64,0.18,0.01,1,1.17,0.96,19.18,0.47,98.27,520.79,0.371,8970.504,3.953,Bajio,2,1,13360588
San Luis Potosi,2018,1034,474.64,510.34,781.45,1766.43,18.86,0.02,0.98,-1.65,342.8,5249.54,45.88,0.19,0,0.98,1.26,0.94,20.11,1.53,103.02,520.79,0.407,9265.71,3.967,Bajio,2,1,15294350
San Luis Potosi,2019,1034,372.1,480.64,1.09,853.83,18.01,0.03,0.98,-1.68,360.11,5247.19,46.12,0.39,0,1.04,1.19,0.96,19.11,1.45,105.93,520.79,0.387,6711.469,3.827,Bajio,2,1,15531677
San Luis Potosi,2020,1034,307.38,357.8,248.04,913.22,28.01,0.04,0.97,-1.68,385.59,5328.5,46.36,0.37,0,1.55,1.27,0.92,19.97,1.62,109.27,520.79,0.417,5616.14,3.749,Bajio,2,1,13664058
San Luis Potosi,2021,1034,353.25,390.67,-41.59,702.32,27.82,0.04,0.97,-1.73,381.08,5791.89,46.68,0.35,0,0.92,1.2,0.96,20.47,,117.31,520.79,0.446,6163.287,3.79,Bajio,2,0,13802208
Sinaloa,2006,998,65.73,62.41,18.52,146.66,16.72,0.03,0.97,-2.31,249.54,6355.29,47.66,0.45,0.01,1.07,0.72,1.07,10.85,0.07,62.69,779.87,0.337,1137.321,3.056,Occidente,4,0,
Sinaloa,2007,998,160.45,79.05,38.7,278.21,14.35,0.04,0.98,-2.25,253.7,6748.62,48.22,0.35,0.01,1.47,0.64,1.06,10.85,0.14,65.05,779.87,0.324,2675.921,3.427,Occidente,4,0,324833
Sinaloa,2008,998,49.53,86.96,39.43,175.92,29.29,0.06,0.96,-2.24,249.1,6236.14,48.81,0.04,0.02,1.06,0.66,1.08,13.42,0.54,69.3,779.87,0.336,959.333,2.982,Occidente,4,0,380924
Sinaloa,2009,998,97.68,50.67,1.4,149.74,49.88,0.05,0.95,-2.21,249.24,6280.33,49.38,0.08,0.01,1.66,0.8,1.01,12.86,0.39,71.77,779.87,0.35,1750.561,3.243,Occidente,4,0,208158
Sinaloa,2010,998,123.36,62.68,31.57,217.62,83.76,0.04,0.97,-2.26,246.31,6349.37,49.89,0.08,0.01,1.3,0.73,1.04,12.39,0.49,74.93,779.87,0.369,2039.558,3.31,Occidente,4,0,265118
Sinaloa,2011,998,73.06,93.92,63.97,230.94,68.09,0.05,0.96,-2.18,247.89,5976.11,50.36,0.03,0.01,1.53,0.69,1.03,13.77,0.69,77.79,779.87,0.383,1293.163,3.112,Occidente,4,0,313569
Sinaloa,2012,998,311.39,72.06,49.06,432.5,48.71,0.04,0.95,-2.18,247.57,5596.93,49.39,0.07,0.01,1.74,0.67,1.03,12.87,0.72,80.57,779.87,0.391,4974.311,3.697,Occidente,4,0,449552
Sinaloa,2013,998,52.98,130.68,421.77,605.43,42.16,0.05,0.95,-2.16,247.08,6072.91,49.87,0.07,0.01,2.02,0.72,1,13.01,1.63,83.77,779.87,0.428,822.73,2.915,Occidente,4,0,520444
Sinaloa,2014,998,-44.78,178.66,266.1,399.99,39.95,0.04,0.97,-2.15,248.03,5641.51,50.35,0.1,0.01,1.79,0.68,1.03,14.51,1.95,87.19,779.87,0.432,-745.308,-2.872,Occidente,4,0,769708
Sinaloa,2015,998,74.41,170.16,184.1,428.67,37.35,0.05,0.95,-2.12,253.71,6821.84,50.83,0.15,0.01,1.64,0.7,1.03,17.07,1.44,89.05,779.87,0.455,1426.187,3.154,Occidente,4,0,1245917
Sinaloa,2016,998,49.93,75.09,309.85,434.87,43.96,0.03,0.97,-2.08,253.73,5548.35,51.31,0.21,0,2.02,0.68,1.02,20.52,1.8,92.04,779.87,0.44,1113.199,3.047,Occidente,4,0,1283961
Sinaloa,2017,998,69.65,280.64,411.28,761.57,54.82,0.04,0.97,-2.05,249.97,5414.33,51.8,0.16,0.01,1.7,0.64,1.05,19.18,1.38,98.27,779.87,0.448,1359.392,3.133,Occidente,4,1,960133
Sinaloa,2018,998,309.92,79.14,25.9,414.96,36.94,0.03,0.96,-2.06,251.74,5703.9,52.24,0.1,0.01,1.6,0.7,1.03,20.11,2.67,103.02,779.87,0.5,6050.052,3.782,Occidente,4,1,2962632
Sinaloa,2019,998,91.5,183.46,-12.38,262.59,37.28,0.03,0.97,-2.07,258.4,5874.08,52.65,0.18,0.01,1.39,0.67,1.05,19.11,2.95,105.93,779.87,0.499,1650.376,3.218,Occidente,4,1,2840002
Sinaloa,2020,998,170.67,130.49,442.41,743.57,28.27,0.02,0.97,-2.11,272.49,6446.05,53.04,0.2,0,1.94,0.76,1.01,19.97,2.53,109.27,779.87,0.565,3118.407,3.494,Occidente,4,1,3011751
Sinaloa,2021,998,240.11,271.67,31.71,543.5,20.64,0.04,0.98,-2.09,274.91,5932.9,53.47,0.21,0,1.99,0.81,0.99,20.47,,117.31,779.87,0.553,4189.357,3.622,Occidente,4,0,3060326
Sonora,2006,2303,219.15,79.41,159.54,458.09,9.73,0.03,0.97,-1.16,272.26,6749.28,14.26,0.49,0.01,0.67,1.18,0.96,10.85,0.39,62.69,251.32,0.351,3791.977,3.579,Norte,3,0,
Sonora,2007,2303,220.67,378.96,361.51,961.14,12.33,0.04,0.98,-1.2,275.85,6995.73,14.51,0.21,0.01,0.73,1.22,0.97,10.85,0.65,65.05,251.32,0.346,3680.14,3.566,Norte,3,0,12980383
Sonora,2008,2303,277.19,156.66,1143.14,1576.99,16.41,0.05,0.96,-1.17,274.34,7014.29,14.78,0.12,0.01,0.65,1.25,0.96,13.42,0.42,69.3,251.32,0.361,5369.271,3.73,Norte,3,0,12035115
Sonora,2009,2303,333.58,-2.18,27.02,358.42,21.25,0.06,0.95,-1.22,276.42,6361.64,15.04,0.09,0.01,0.91,1.47,0.9,12.86,0.63,71.77,251.32,0.329,5978.494,3.777,Norte,3,0,9380258
Sonora,2010,2303,403.52,362.3,343.03,1108.84,27,0.07,0.95,-1.19,274.03,6112.99,15.28,0.39,0.01,0.78,1.36,0.92,12.39,0.44,74.93,251.32,0.379,6671.457,3.824,Norte,3,0,13490936
Sonora,2011,2303,-12.87,350.29,-33.29,304.14,19.47,0.07,0.95,-1.07,275.99,5211.81,15.52,1.24,0.01,0.68,1.37,0.94,13.77,1.01,77.79,251.32,0.371,-227.744,-2.357,Norte,3,0,14095225
Sonora,2012,2303,266.58,875.17,31.11,1172.86,19.26,0.06,0.95,-1.06,279.31,5994.57,15.23,0.51,0.01,1.24,1.16,0.95,12.87,1.42,80.57,251.32,0.371,4258.48,3.629,Norte,3,0,14638938
Sonora,2013,2303,587.64,1291.35,209.72,2088.72,23.88,0.07,0.93,-1.02,281.86,6332.46,15.39,0.72,0.01,0.77,1.27,0.96,13.01,1.33,83.77,251.32,0.4,9124.742,3.96,Norte,3,0,17816567
Sonora,2014,2303,535.66,676.54,-396.91,815.29,23.85,0.07,0.95,-0.99,284.38,6012.09,15.55,1.34,0.01,0.8,1.2,0.97,14.51,2.96,87.19,251.32,0.42,8916.235,3.95,Norte,3,0,15611884
Sonora,2015,2303,-16.97,431.66,195.27,609.95,20.76,0.06,0.96,-0.92,292.2,5880.13,15.71,7.41,0,1.3,1.26,0.93,17.07,1.42,89.05,251.32,0.426,-325.283,-2.512,Norte,3,0,16895882
Sonora,2016,2303,25.57,333.39,147.44,506.39,20.38,0.05,0.97,-0.91,294.76,5790.45,15.87,5.03,0,1.1,1.23,0.94,20.52,1.62,92.04,251.32,0.453,570.064,2.756,Norte,3,0,17544422
Sonora,2017,2303,-398.9,331.13,435.89,368.13,26.04,0.05,0.96,-0.92,293.16,5734.24,16.04,4.13,0,1.11,1.27,0.92,19.18,2.23,98.27,251.32,0.446,-7785.802,-3.891,Norte,3,1,17443597
Sonora,2018,2303,186.61,-37.14,5.63,155.1,31.13,0.04,0.96,-0.91,296.73,6147.92,16.21,13.57,0,1.02,1.22,0.94,20.11,1.79,103.02,251.32,0.486,3642.849,3.561,Norte,3,1,19863201
Sonora,2019,2303,125.2,440.28,-115.84,449.64,46.47,0.03,0.96,-0.93,314.92,6133.41,16.4,9.41,0,1.28,1.22,0.93,19.11,2.01,105.93,251.32,0.492,2258.207,3.354,Norte,3,1,19840531
Sonora,2020,2303,45.42,266.59,270.32,582.33,52.8,0.04,0.96,-0.95,327.38,6078.74,16.5,7.68,0,1.16,1.21,0.94,19.97,1.22,109.27,251.32,0.532,829.922,2.919,Norte,3,1,17784835
Sonora,2021,2303,631,91.94,176.3,899.24,69.56,0.04,0.97,-0.92,328.31,6021.08,16.58,7.05,0,1.01,1.32,0.92,20.47,,117.31,251.32,0.491,11009.268,4.042,Norte,3,0,20772696
Tabasco,2006,1125,40.56,36.85,5,82.41,6.72,0.04,0.97,-2.27,280.05,6339.91,87.23,0.44,0,0.47,0.49,1.16,10.85,0.05,62.69,996.51,0.348,701.772,2.846,Sur,5,0,
Tabasco,2007,1125,134.23,49.6,-4.23,179.6,6.68,0.05,0.93,-2.25,286.01,6118.66,88.35,0.37,0,0.61,0.8,1.08,10.85,0.14,65.05,996.51,0.286,2238.551,3.35,Sur,5,0,8272595
Tabasco,2008,1125,72.73,67.48,-5.13,135.08,6.96,0.05,0.97,-2.19,286.82,6220.59,89.47,16.14,0,0.35,0.66,1.11,13.42,0.23,69.3,996.51,0.359,1408.835,3.149,Sur,5,0,9990789
Tabasco,2009,1125,97.32,44.44,-51.4,90.37,7.72,0.07,0.94,-2.18,295.08,5379.17,90.57,0,0,0.91,0.54,1.1,12.86,0.09,71.77,996.51,0.392,1744.169,3.242,Sur,5,0,6968591
Tabasco,2010,1125,79.3,58.16,3.8,141.26,8.56,0.06,0.94,-2.15,293.38,5198.28,91.65,0.69,0,0.48,0.56,1.12,12.39,0.31,74.93,996.51,0.374,1311.072,3.118,Sur,5,0,10608706
Tabasco,2011,1125,204.58,82.89,-54.23,233.24,10.03,0.05,0.95,-2.07,289.03,5336.23,92.72,0.09,0,0.73,0.58,1.1,13.77,0.13,77.79,996.51,0.376,3620.972,3.559,Sur,5,0,15545851
Tabasco,2012,1125,49.1,73.11,203.25,325.47,8.57,0.06,0.95,-2.05,291.49,5473.48,91.97,0.2,0,0.49,0.53,1.12,12.87,0.56,80.57,996.51,0.411,784.415,2.895,Sur,5,0,14748678
Tabasco,2013,1125,139.67,113.58,70.68,323.93,10.79,0.06,0.95,-2.03,296.92,5659.22,92.58,1.46,0,0.57,0.52,1.12,13.01,0.34,83.77,996.51,0.414,2168.743,3.336,Sur,5,0,13050545
Tabasco,2014,1125,-0.81,97.06,145.41,241.66,10.24,0.05,0.93,-2.12,304.97,5379.93,93.18,0.57,0,0.64,0.5,1.12,14.51,0.38,87.19,996.51,0.402,-13.427,-1.128,Sur,5,0,11295467
Tabasco,2015,1125,179.13,110.62,447.73,737.49,15.69,0.06,0.91,-2.13,308.2,5023.93,93.78,0.6,0,0.52,0.53,1.13,17.07,0.82,89.05,996.51,0.42,3433.198,3.536,Sur,5,0,6603627
Tabasco,2016,1125,98.3,94.41,-79.96,112.75,18.46,0.07,0.92,-2.21,295.07,4702.95,94.38,1.25,0,0.34,0.57,1.13,20.52,0.94,92.04,996.51,0.395,2191.598,3.341,Sur,5,0,5370753
Tabasco,2017,1125,248.69,63.52,88.17,400.38,19.03,0.05,0.92,-2.26,286.18,4295.51,94.99,0.54,0,0.38,0.82,1.07,19.18,0.89,98.27,996.51,0.44,4853.986,3.686,Sur,5,1,6412526
Tabasco,2018,1125,479.64,52.31,-1.66,530.29,22.31,0.06,0.93,-2.35,289.6,4504.6,95.71,2.74,0,0.48,0.64,1.11,20.11,0.51,103.02,996.51,0.456,9363.355,3.971,Sur,5,1,7017661
Tabasco,2019,1125,207.15,117.43,166.01,490.59,28.81,0.07,0.94,-2.31,306.38,4333.76,96.58,1.06,0,0.73,0.84,1.05,19.11,1.09,105.93,996.51,0.464,3736.302,3.572,Sur,5,1,5012816
Tabasco,2020,1125,324.72,88.94,51.17,464.82,24.04,0.07,0.93,-2.28,327.68,5216.3,97.72,3.69,0,0.78,0.62,1.1,19.97,0.79,109.27,996.51,0.536,5932.997,3.773,Sur,5,1,4130950
Tabasco,2021,1125,159.55,142.05,-1.18,300.41,18.41,0.04,0.96,-2.09,331.7,4963.24,98.16,1.83,0,0.73,0.65,1.09,20.47,,117.31,996.51,0.511,2783.669,3.445,Sur,5,0,7563606
Tamaulipas,2006,978,317.76,88.54,447.8,854.09,11.36,0.04,0.95,-1.13,305.64,6728.15,39.25,0.06,0.01,0.19,1.16,1.01,10.85,0.19,62.69,275.42,0.322,5498.27,3.74,Norte,3,0,
Tamaulipas,2007,978,456.56,104.48,316.39,877.44,6.02,0.04,0.96,-1.08,307.01,6715.42,39.94,0.01,0.02,0.34,1.18,0.98,10.85,0.31,65.05,275.42,0.31,7614.24,3.882,Norte,3,0,22517429
Tamaulipas,2008,978,281.61,175.57,475.24,932.43,8.13,0.05,0.95,-1.11,304.22,6711.79,40.61,0.03,0.02,0.21,1.07,1.02,13.42,0.46,69.3,275.42,0.342,5454.818,3.737,Norte,3,0,23850568
Tamaulipas,2009,978,192.25,97.18,313.74,603.16,9.52,0.04,0.93,-1.11,307.71,6390.8,41.22,0.1,0.03,0.21,1.09,1.02,12.86,0.45,71.77,275.42,0.35,3445.5,3.537,Norte,3,0,18320316
Tamaulipas,2010,978,540.47,126.05,369.35,1035.88,28.74,0.05,0.92,-1.14,305.83,5449.35,41.75,0.07,0.02,0.36,1.14,0.99,12.39,0.33,74.93,275.42,0.365,8935.663,3.951,Norte,3,0,21294755
Tamaulipas,2011,978,265.73,199.74,377.4,842.87,32.34,0.05,0.93,-1.12,306.75,5203.79,42.28,0.12,0.01,0.23,1.1,1,13.77,0.56,77.79,275.42,0.378,4703.28,3.672,Norte,3,0,22084503
Tamaulipas,2012,978,227.27,332.69,491.46,1051.42,46.78,0.05,0.95,-1.08,308.68,5337.39,41.47,0.55,0,0.27,1.18,0.98,12.87,0.32,80.57,275.42,0.372,3630.549,3.56,Norte,3,0,22268196
Tamaulipas,2013,978,906.04,214.7,611.68,1732.42,26.31,0.04,0.95,-1.07,308.94,4967.53,41.78,0.99,0,0.34,1.31,0.96,13.01,2.88,83.77,275.42,0.367,14068.831,4.148,Norte,3,0,22929248
Tamaulipas,2014,978,-240.55,399.56,564.89,723.9,26.94,0.04,0.96,-1.08,311.65,5001.64,42.09,0.92,0,0.19,1.35,0.95,14.51,1.9,87.19,275.42,0.383,-4004.053,-3.602,Norte,3,0,27397995
Tamaulipas,2015,978,387.49,176.4,539.35,1103.24,20.05,0.04,0.96,-1.02,315.56,5069.36,42.4,0.51,0,0.32,1.27,0.96,17.07,1.47,89.05,275.42,0.413,7426.501,3.871,Norte,3,0,26300101
Tamaulipas,2016,978,154.63,292.29,702.58,1149.5,23.55,0.04,0.97,-1.05,318.05,5214.22,42.71,0.74,0,0.4,1.3,0.95,20.52,1.81,92.04,275.42,0.408,3447.576,3.538,Norte,3,0,24926225
Tamaulipas,2017,978,520.92,143.81,878.48,1543.21,34.7,0.04,0.96,-1.05,316.38,4854.04,43.02,2.04,0,0.2,1.18,0.99,19.18,1.65,98.27,275.42,0.456,10167.423,4.007,Norte,3,1,25507316
Tamaulipas,2018,978,363.97,421.82,728.68,1514.46,30.72,0.04,0.96,-1,322.37,5273.38,43.52,2.77,0.01,0.32,1.39,0.93,20.11,3.24,103.02,275.42,0.471,7105.264,3.852,Norte,3,1,27314740
Tamaulipas,2019,978,314.64,397.2,918.02,1629.86,24.5,0.04,0.97,-0.98,355.39,5445.81,43.9,0.66,0,0.21,1.36,0.95,19.11,1.28,105.93,275.42,0.471,5675.046,3.754,Norte,3,1,29130161
Tamaulipas,2020,978,218.43,180.61,308.66,707.7,22.06,0.05,0.97,-1.04,361.97,5826.98,44.06,0.74,0,0.09,1.47,0.93,19.97,0.51,109.27,275.42,0.499,3990.934,3.601,Norte,3,1,26756824
Tamaulipas,2021,978,773.55,466.23,33.42,1273.21,20.63,0.05,0.97,-1.01,363.32,5716.06,44.28,0.58,0.01,0.41,1.4,0.94,20.47,,117.31,275.42,0.507,13496.482,4.13,Norte,3,0,32569683
Tlaxcala,2006,1108,69.69,138.69,33.85,242.23,4.02,0.06,0.96,-2.25,275.5,4495.06,280.06,1.35,0,0.88,1.55,0.88,10.85,0.18,62.69,735.02,0.271,1205.835,3.081,Centro,1,0,
Tlaxcala,2007,1108,54.97,17.79,19.93,92.7,3.16,0.07,0.95,-2.22,280.14,4564.84,284.6,0.15,0.01,1.16,1.49,0.88,10.85,0.09,65.05,735.02,0.288,916.722,2.962,Centro,1,0,746244
Tlaxcala,2008,1108,47.88,62.62,13.21,123.71,4.67,0.06,0.96,-2.23,278.7,4953.77,289.45,0.16,0.02,1.27,1.5,0.88,13.42,0.17,69.3,735.02,0.315,927.469,2.967,Centro,1,0,870812
Tlaxcala,2009,1108,63.86,40.04,-31.7,72.19,6.89,0.06,0.94,-2.24,281.61,4288.43,294.22,0,0.02,1.12,1.67,0.86,12.86,0.34,71.77,735.02,0.33,1144.438,3.059,Centro,1,0,645311
Tlaxcala,2010,1108,78.02,22.67,-9.52,91.17,4.69,0.07,0.93,-2.16,276.64,4149.56,298.87,0,0.01,1.09,1.68,0.86,12.39,0.42,74.93,735.02,0.327,1289.88,3.111,Centro,1,0,816038
Tlaxcala,2011,1108,89.34,152.98,8.91,251.23,7.34,0.06,0.95,-2.12,276.52,4250.41,303.58,0,0.01,1.03,1.75,0.86,13.77,0.58,77.79,735.02,0.314,1581.311,3.199,Centro,1,0,937983
Tlaxcala,2012,1108,3.61,69.71,6.19,79.51,6.21,0.07,0.95,-2.12,277.24,4408.73,302.31,0.43,0.01,1.04,1.63,0.88,12.87,0.49,80.57,735.02,0.334,57.687,1.761,Centro,1,0,1016392
Tlaxcala,2013,1108,11.35,74.99,-5.6,80.74,7.19,0.06,0.96,-2.12,276.56,4278.5,306.37,0.04,0.02,1.47,1.61,0.85,13.01,0.72,83.77,735.02,0.352,176.199,2.246,Centro,1,0,1238637
Tlaxcala,2014,1108,-33.5,128.56,25.65,120.71,7.5,0.06,0.96,-2.11,277.65,3935.37,310.4,0,0.01,1.12,1.56,0.88,14.51,1.18,87.19,735.02,0.363,-557.564,-2.746,Centro,1,0,1278537
Tlaxcala,2015,1108,107.65,79.15,-34.28,152.52,6.29,0.06,0.95,-2.07,284.76,3988.73,314.47,0,0.01,1.42,1.64,0.85,17.07,2.39,89.05,735.02,0.36,2063.214,3.315,Centro,1,0,1307252
Tlaxcala,2016,1108,51.93,71.95,129.24,253.12,7.46,0.04,0.97,-2.04,287.86,4202.43,318.6,0,0.01,1.07,1.58,0.87,20.52,0.63,92.04,735.02,0.385,1157.747,3.064,Centro,1,0,1310801
Tlaxcala,2017,1108,179.1,67.5,-78.55,168.05,9.61,0.04,0.97,-2.01,284.96,4136.19,322.78,0,0.01,0.61,1.63,0.88,19.18,0.85,98.27,735.02,0.395,3495.672,3.544,Centro,1,1,1379963
Tlaxcala,2018,1108,4.83,133.98,4.24,143.06,11.02,0.05,0.95,-1.99,290.13,3918.75,326.84,0,0.01,0.89,1.61,0.87,20.11,1.38,103.02,735.02,0.388,94.368,1.975,Centro,1,1,1440917
Tlaxcala,2019,1108,79.91,135.03,130.78,345.72,14.29,0.05,0.96,-2.02,296.16,4039.81,332.7,0,0.01,0.64,1.67,0.88,19.11,0.23,105.93,735.02,0.422,1441.249,3.159,Centro,1,1,1460866
Tlaxcala,2020,1108,70.43,112.44,176.89,359.75,11.33,0.07,0.95,-2.07,304.54,4114.45,338.02,0,0.01,1.07,1.54,0.88,19.97,0.89,109.27,735.02,0.43,1286.768,3.11,Centro,1,1,1450035
Tlaxcala,2021,1108,9.88,33.46,7.46,50.81,11.75,0.05,0.96,-2.02,302.17,3869.04,340.71,0,0,0.74,1.6,0.88,20.47,,117.31,735.02,0.418,172.436,2.237,Centro,1,0,1930442
Veracruz,2006,1058,7.52,168.02,77.19,252.74,4.81,0.03,0.97,-2,311.14,4891.56,104.01,0.17,0.01,1.45,0.7,1.05,10.85,0.08,62.69,708.51,0.267,130.204,2.115,Sur,5,0,
Veracruz,2007,1058,354.37,201.17,22.19,577.73,5.05,0.03,0.97,-1.96,313.48,4926.59,104.82,0,0.01,0.93,0.73,1.07,10.85,0.15,65.05,708.51,0.271,5909.98,3.772,Sur,5,0,4270075
Veracruz,2008,1058,301.35,230.96,75.48,607.78,4.49,0.03,0.98,-2.01,316.93,4922.43,105.8,0,0.01,1.24,0.66,1.07,13.42,0.16,69.3,708.51,0.291,5837.171,3.766,Sur,5,0,5432207
Veracruz,2009,1058,338.66,155.57,24.18,518.41,9.02,0.05,0.97,-1.98,327.08,4797.01,106.85,0,0.01,0.85,0.61,1.09,12.86,0.29,71.77,708.51,0.278,6069.502,3.783,Sur,5,0,4106797
Veracruz,2010,1058,1005.22,136.05,89.51,1230.77,5.95,0.03,0.95,-1.96,333.83,4814.36,107.87,0.16,0,0.99,0.67,1.07,12.39,0.19,74.93,708.51,0.32,16619.484,4.221,Sur,5,0,5172168
Veracruz,2011,1058,722.81,319.29,147.01,1189.12,12.78,0.04,0.97,-1.92,334.43,4754.35,108.84,0.37,0.01,0.98,0.61,1.08,13.77,0.33,77.79,708.51,0.326,12793.427,4.107,Sur,5,0,6745681
Veracruz,2012,1058,156.49,244.83,660,1061.32,13.17,0.04,0.98,-1.9,336.18,4700.63,107.48,0.41,0.01,1.64,0.67,1.04,12.87,0.34,80.57,708.51,0.349,2499.916,3.398,Sur,5,0,6984283
Veracruz,2013,1058,820.13,736.57,146.04,1702.75,9.82,0.06,0.97,-1.92,340.56,4799.74,107.93,0.53,0.01,1.3,0.61,1.07,13.01,0.3,83.77,708.51,0.377,12734.788,4.105,Sur,5,0,7503947
Veracruz,2014,1058,61.13,479.68,730.45,1271.25,11.32,0.05,0.97,-1.91,347.51,4568.41,108.36,0.36,0.01,1.66,0.62,1.05,14.51,0.54,87.19,708.51,0.346,1017.462,3.008,Sur,5,0,7242794
Veracruz,2015,1058,393.34,442.19,753.6,1589.12,12.89,0.05,0.97,-1.93,356.74,4551.82,108.8,0.6,0.01,0.84,0.56,1.1,17.07,0.7,89.05,708.51,0.35,7538.614,3.877,Sur,5,0,5437056
Veracruz,2016,1058,261.82,341.65,442.04,1045.51,16.48,0.04,0.97,-1.92,347.43,4106.67,109.24,1.36,0,1.22,0.57,1.08,20.52,0.82,92.04,708.51,0.358,5837.516,3.766,Sur,5,0,4339857
Veracruz,2017,1058,379.55,366.88,168.49,914.92,22.95,0.04,0.96,-1.97,338.97,3959.02,109.68,28.39,0,1,0.44,1.13,19.18,0.53,98.27,708.51,0.397,7408.16,3.87,Sur,5,1,5362862
Veracruz,2018,1058,156.36,580.11,225.59,962.07,18.35,0.05,0.98,-1.96,340.46,4155.12,110.62,4.12,0,0.94,0.59,1.1,20.11,0.91,103.02,708.51,0.372,3052.463,3.485,Sur,5,1,6367194
Veracruz,2019,1058,617.22,721.79,-258.4,1080.61,18.05,0.04,0.97,-1.93,350,3970.92,111.55,28.77,0,0.74,0.53,1.11,19.11,0.46,105.93,708.51,0.416,11132.669,4.047,Sur,5,1,6697248
Veracruz,2020,1058,214.17,406.54,379.99,1000.7,14.08,0.04,0.97,-2,362.42,5028.27,112.9,9.66,0,1.67,0.51,1.08,19.97,0.42,109.27,708.51,0.414,3913.21,3.593,Sur,5,1,5379489
Veracruz,2021,1058,890.24,352.25,-307.14,935.35,11.3,0.04,0.97,-1.92,359.28,4428.68,113.59,2.29,0,1.2,0.57,1.08,20.47,,117.31,708.51,0.439,15532.414,4.191,Sur,5,0,6826556
Yucatan,2006,1071,26.85,69.76,8.71,105.31,2.23,0.02,0.98,-2.56,257.38,4393.1,47.62,1.61,0,0.6,1.45,0.92,10.85,0.16,62.69,964.17,0.224,464.521,2.667,Sur,5,0,
Yucatan,2007,1071,73.7,69.27,50,192.98,2.57,0.03,0.99,-2.53,260.16,4423.92,48.3,1.01,0,0.55,1.52,0.91,10.85,0.37,65.05,964.17,0.227,1229.168,3.09,Sur,5,0,1146549
Yucatan,2008,1071,37.82,85.55,22.73,146.1,2.53,0.03,0.98,-2.56,258.48,4224.19,48.99,0.16,0,0.5,1.52,0.92,13.42,0.31,69.3,964.17,0.238,732.65,2.865,Sur,5,0,1089135
Yucatan,2009,1071,56.8,48.73,-25.65,79.88,1.88,0.04,0.97,-2.56,264.39,4730.83,49.7,0.13,0.01,0.48,1.38,0.96,12.86,0.61,71.77,964.17,0.258,1017.908,3.008,Sur,5,0,1033444
Yucatan,2010,1071,36.8,47.5,10.52,94.82,1.71,0.04,0.98,-2.52,267.03,4382.65,50.4,1.4,0,0.34,1.39,0.96,12.39,0.75,74.93,964.17,0.291,608.446,2.784,Sur,5,0,1200007
Yucatan,2011,1071,71.17,64.32,30.04,165.54,2.62,0.04,0.98,-2.48,274.94,4375.07,51.1,4.89,0,0.43,1.47,0.94,13.77,1.14,77.79,964.17,0.277,1259.765,3.1,Sur,5,0,1326400
Yucatan,2012,1071,84.22,37.78,5.92,127.92,2.06,0.03,0.98,-2.46,284.08,4568.15,51.57,1.38,0,0.41,1.29,0.98,12.87,1.12,80.57,964.17,0.269,1345.392,3.129,Sur,5,0,1328358
Yucatan,2013,1071,434.53,76.91,5.22,516.66,2.36,0.04,0.98,-2.43,289.82,4259.05,52.46,3.36,0,0.33,1.35,0.96,13.01,3.66,83.77,964.17,0.289,6747.201,3.829,Sur,5,0,1216999
Yucatan,2014,1071,-41.12,115.71,11.49,86.09,2.28,0.04,0.98,-2.41,296.18,4084.91,53.35,1.37,0,0.21,1.31,0.98,14.51,2.57,87.19,964.17,0.313,-684.429,-2.835,Sur,5,0,1422476
Yucatan,2015,1071,129.6,80.63,3.26,213.49,2.71,0.03,0.97,-2.38,304.67,4446.86,54.24,8.36,0,0.27,1.38,0.96,17.07,3.31,89.05,964.17,0.319,2483.896,3.395,Sur,5,0,1470940
Yucatan,2016,1071,45.68,65.34,14.12,125.14,2.94,0.02,0.98,-2.31,305.07,4337.74,55.16,4.24,0,0.31,1.26,0.98,20.52,3.44,92.04,964.17,0.336,1018.531,3.008,Sur,5,0,1262655
Yucatan,2017,1071,72.61,45.07,-9.84,107.84,2.35,0.03,0.98,-2.29,296.69,4322.06,56.09,2.67,0,0.32,1.33,0.97,19.18,2.75,98.27,964.17,0.36,1417.138,3.151,Sur,5,1,962964
Yucatan,2018,1071,33.41,43.32,9.28,86.01,2.52,0.02,0.98,-2.25,293.65,4422.78,57.13,1.8,0,0.42,1.12,1,20.11,2.92,103.02,964.17,0.353,652.271,2.814,Sur,5,1,1113910
Yucatan,2019,1071,84.76,66.97,8.22,159.95,1.99,0.03,0.98,-2.26,298.92,4378.28,58.4,63.7,0,0.43,1.26,0.98,19.11,2.43,105.93,964.17,0.371,1528.824,3.184,Sur,5,1,1119624
Yucatan,2020,1071,30.38,80.06,41.22,151.66,3.08,0.04,0.98,-2.33,313.2,4570.35,59.18,0.72,0,0.59,1.25,0.97,19.97,1.88,109.27,964.17,0.416,555.092,2.744,Sur,5,1,887430
Yucatan,2021,1071,84.51,57.67,3.37,145.55,2.33,0.03,0.98,-2.28,309.84,4779.31,59.66,1.77,0,0.35,1.18,0.99,20.47,,117.31,964.17,0.427,1474.429,3.169,Sur,5,0,1200300
Zacatecas,2006,1026,14.45,58.64,24.05,97.13,5.3,0.06,0.96,-2.1,263.13,5208.12,19.29,0.18,0.01,4.45,0.42,0.93,10.85,0,62.69,576.27,0.219,249.947,2.398,Bajio,2,0,
Zacatecas,2007,1026,696.01,93.1,78.41,867.52,4.98,0.05,0.96,-2.07,260.8,5418.66,19.47,0.08,0.01,3.02,0.51,0.99,10.85,0.07,65.05,576.27,0.217,11607.528,4.065,Bajio,2,0,2114570
Zacatecas,2008,1026,1449.22,189.13,198.11,1836.46,6.61,0.05,0.97,-2.06,257.75,5047.93,19.7,0.04,0.01,3.19,0.53,0.99,13.42,0.13,69.3,576.27,0.24,28071.534,4.448,Bajio,2,0,2420351
Zacatecas,2009,1026,346.33,49.04,-93.85,301.52,8.6,0.06,0.96,-1.96,263.63,4823.45,19.93,0.46,0.01,2.87,0.62,0.98,12.86,0.07,71.77,576.27,0.26,6207.08,3.793,Bajio,2,0,1634147
Zacatecas,2010,1026,261.65,73.47,46.79,381.92,9.25,0.06,0.94,-1.91,268.89,5366.54,20.12,3.23,0.01,2.55,0.69,0.98,12.39,0.13,74.93,576.27,0.269,4325.972,3.636,Bajio,2,0,2277322
Zacatecas,2011,1026,376.09,77.8,12.84,466.73,19.11,0.06,0.95,-1.87,275.49,4942.36,20.3,2.59,0.01,1.65,0.73,1.02,13.77,0.07,77.79,576.27,0.29,6656.608,3.823,Bajio,2,0,3223110
Zacatecas,2012,1026,50.99,376.14,327.25,754.39,30.26,0.05,0.95,-1.89,284.92,4703.66,20.32,1.21,0.01,1.79,0.57,1.04,12.87,0.32,80.57,576.27,0.339,814.607,2.911,Bajio,2,0,3545856
Zacatecas,2013,1026,1350.81,2422.66,199.69,3973.16,27.81,0.05,0.96,-1.88,290.83,4857.79,20.54,0.22,0.01,3.07,0.65,0.97,13.01,1.86,83.77,576.27,0.306,20975.091,4.322,Bajio,2,0,3489501
Zacatecas,2014,1026,168.03,719.26,-128.38,758.91,12.61,0.04,0.96,-1.81,292.73,4425.66,20.76,0.59,0.01,2.3,0.82,0.97,14.51,3.83,87.19,576.27,0.308,2796.932,3.447,Bajio,2,0,3086747
Zacatecas,2015,1026,27.12,103.73,-23.28,107.58,21.34,0.04,0.96,-1.77,302.69,4632.56,20.98,0.61,0.01,2.84,0.58,1,17.07,1.9,89.05,576.27,0.319,519.868,2.716,Bajio,2,0,3325166
Zacatecas,2016,1026,29.96,108.39,394.27,532.62,36.34,0.04,0.98,-1.78,310.83,4876.32,21.2,4.22,0,2.71,0.75,0.97,20.52,0.88,92.04,576.27,0.348,668.07,2.825,Bajio,2,0,2793508
Zacatecas,2017,1026,120.58,439.16,-102.1,457.64,43.59,0.03,0.97,-1.78,312.52,4578.39,21.43,7.6,0.01,2.34,0.75,0.99,19.18,1.05,98.27,576.27,0.355,2353.463,3.372,Bajio,2,1,3026697
Zacatecas,2018,1026,94.32,416.41,-209,301.74,44.12,0.04,0.98,-1.76,317.6,4613.42,21.5,1.28,0,2.11,0.77,1,20.11,1.79,103.02,576.27,0.378,1841.286,3.265,Bajio,2,1,3141633
Zacatecas,2019,1026,194.89,307.57,244.03,746.49,41.8,0.03,0.97,-1.79,327.63,4700.72,21.55,1.87,0,2.32,0.76,0.99,19.11,1.29,105.93,576.27,0.369,3515.129,3.546,Bajio,2,1,2873522
Zacatecas,2020,1026,24.62,175.5,-605.65,-405.53,75.26,0.05,0.96,-1.8,336.18,5059.43,21.64,3.16,0,2.27,0.76,0.99,19.97,0.92,109.27,576.27,0.416,449.753,2.653,Bajio,2,1,3651329
Zacatecas,2021,1026,34.06,949.69,336.46,1320.21,108.26,0.03,0.97,-1.75,333.97,4930.72,21.68,3.11,0,1.89,0.86,0.98,20.47,,117.31,576.27,0.435,594.244,2.774,Bajio,2,0,4263301
